stage,task,role,algorithm,seed,round,trial_id,repeat,s,opt,kernel_s,process_wall_s,recorded_status,valid_for_analysis,returncode,stdout,stderr,command,build_key,source_sha256,framework_sha256,protocol_sha256
reference,warmup-reference,warmup,warmup,0,,0,0,128,O3,45.921619,46.55847219499992,ok,True,0,"45.921619
checksum=17180040496.458935
",,"[""/home/addaswsw/lab/Software_system_optimization/P1/.cache/build/4478878b0cef571f777d11b103f13023852c36d59675675f07c7ad8519fb292d"", ""128""]",4478878b0cef571f777d11b103f13023852c36d59675675f07c7ad8519fb292d,cece4fd572c1d25e9f9a7d045c21e8d77b25079a6f71513de0385d0d85d44835,0a71c2fdb0d3d41be261c9aecc86b87487990dbc3bfd4e6b34e79b7fbd75ab49,64bb8f6c66e70de2c9a53960cbd693447ecebaa43a258f21439bd2827e4b0f66
reference,ref-r1-s24-O2,reference,reference,314159,1,0,0,24,O2,42.842861,43.33613655600129,ok,True,0,"42.842861
checksum=17180040496.458935
",,"[""/home/addaswsw/lab/Software_system_optimization/P1/.cache/build/6fa77b7534d39847122ae17cc2c35b7062c5b407b3fe1908eff84b871eee0a1a"", ""24""]",6fa77b7534d39847122ae17cc2c35b7062c5b407b3fe1908eff84b871eee0a1a,cece4fd572c1d25e9f9a7d045c21e8d77b25079a6f71513de0385d0d85d44835,0a71c2fdb0d3d41be261c9aecc86b87487990dbc3bfd4e6b34e79b7fbd75ab49,64bb8f6c66e70de2c9a53960cbd693447ecebaa43a258f21439bd2827e4b0f66
reference,ref-r1-s64-O3,reference,reference,314159,1,0,0,64,O3,41.112492,41.601442918999965,ok,True,0,"41.112492
checksum=17180040496.458935
",,"[""/home/addaswsw/lab/Software_system_optimization/P1/.cache/build/4478878b0cef571f777d11b103f13023852c36d59675675f07c7ad8519fb292d"", ""64""]",4478878b0cef571f777d11b103f13023852c36d59675675f07c7ad8519fb292d,cece4fd572c1d25e9f9a7d045c21e8d77b25079a6f71513de0385d0d85d44835,0a71c2fdb0d3d41be261c9aecc86b87487990dbc3bfd4e6b34e79b7fbd75ab49,64bb8f6c66e70de2c9a53960cbd693447ecebaa43a258f21439bd2827e4b0f66
reference,ref-r1-s16-O3,reference,reference,314159,1,0,0,16,O3,44.371098,44.83632378400034,ok,True,0,"44.371098
checksum=17180040496.458935
",,"[""/home/addaswsw/lab/Software_system_optimization/P1/.cache/build/4478878b0cef571f777d11b103f13023852c36d59675675f07c7ad8519fb292d"", ""16""]",4478878b0cef571f777d11b103f13023852c36d59675675f07c7ad8519fb292d,cece4fd572c1d25e9f9a7d045c21e8d77b25079a6f71513de0385d0d85d44835,0a71c2fdb0d3d41be261c9aecc86b87487990dbc3bfd4e6b34e79b7fbd75ab49,64bb8f6c66e70de2c9a53960cbd693447ecebaa43a258f21439bd2827e4b0f66
reference,ref-r1-s128-O3,reference,reference,314159,1,0,0,128,O3,46.76086,47.23551326100096,ok,True,0,"46.760860
checksum=17180040496.458935
",,"[""/home/addaswsw/lab/Software_system_optimization/P1/.cache/build/4478878b0cef571f777d11b103f13023852c36d59675675f07c7ad8519fb292d"", ""128""]",4478878b0cef571f777d11b103f13023852c36d59675675f07c7ad8519fb292d,cece4fd572c1d25e9f9a7d045c21e8d77b25079a6f71513de0385d0d85d44835,0a71c2fdb0d3d41be261c9aecc86b87487990dbc3bfd4e6b34e79b7fbd75ab49,64bb8f6c66e70de2c9a53960cbd693447ecebaa43a258f21439bd2827e4b0f66
reference,ref-r1-s16-O1,reference,reference,314159,1,0,0,16,O1,47.541862,48.029252186999656,ok,True,0,"47.541862
checksum=17180040496.458935
",,"[""/home/addaswsw/lab/Software_system_optimization/P1/.cache/build/bc6eecb4e779f6603c2c774a385b0285b0c82453db90246611833e759e3ec170"", ""16""]",bc6eecb4e779f6603c2c774a385b0285b0c82453db90246611833e759e3ec170,cece4fd572c1d25e9f9a7d045c21e8d77b25079a6f71513de0385d0d85d44835,0a71c2fdb0d3d41be261c9aecc86b87487990dbc3bfd4e6b34e79b7fbd75ab49,64bb8f6c66e70de2c9a53960cbd693447ecebaa43a258f21439bd2827e4b0f66
reference,ref-r1-s24-O3,reference,reference,314159,1,0,0,24,O3,44.067669,44.52637753400086,ok,True,0,"44.067669
checksum=17180040496.458935
",,"[""/home/addaswsw/lab/Software_system_optimization/P1/.cache/build/4478878b0cef571f777d11b103f13023852c36d59675675f07c7ad8519fb292d"", ""24""]",4478878b0cef571f777d11b103f13023852c36d59675675f07c7ad8519fb292d,cece4fd572c1d25e9f9a7d045c21e8d77b25079a6f71513de0385d0d85d44835,0a71c2fdb0d3d41be261c9aecc86b87487990dbc3bfd4e6b34e79b7fbd75ab49,64bb8f6c66e70de2c9a53960cbd693447ecebaa43a258f21439bd2827e4b0f66
reference,ref-r1-s8-O1,reference,reference,314159,1,0,0,8,O1,77.229668,77.71331996000117,ok,True,0,"77.229668
checksum=17180040496.458935
",,"[""/home/addaswsw/lab/Software_system_optimization/P1/.cache/build/bc6eecb4e779f6603c2c774a385b0285b0c82453db90246611833e759e3ec170"", ""8""]",bc6eecb4e779f6603c2c774a385b0285b0c82453db90246611833e759e3ec170,cece4fd572c1d25e9f9a7d045c21e8d77b25079a6f71513de0385d0d85d44835,0a71c2fdb0d3d41be261c9aecc86b87487990dbc3bfd4e6b34e79b7fbd75ab49,64bb8f6c66e70de2c9a53960cbd693447ecebaa43a258f21439bd2827e4b0f66
reference,ref-r1-s8-O0,reference,reference,314159,1,0,0,8,O0,310.088562,310.58554506400105,ok,True,0,"310.088562
checksum=17180040496.458935
",,"[""/home/addaswsw/lab/Software_system_optimization/P1/.cache/build/9609c1e68ed382d9013072618327a16f97967408b4373f587754ab2258da0725"", ""8""]",9609c1e68ed382d9013072618327a16f97967408b4373f587754ab2258da0725,cece4fd572c1d25e9f9a7d045c21e8d77b25079a6f71513de0385d0d85d44835,0a71c2fdb0d3d41be261c9aecc86b87487990dbc3bfd4e6b34e79b7fbd75ab49,64bb8f6c66e70de2c9a53960cbd693447ecebaa43a258f21439bd2827e4b0f66
reference,ref-r1-s64-O0,reference,reference,314159,1,0,0,64,O0,179.600632,180.08562780100146,ok,True,0,"179.600632
checksum=17180040496.458935
",,"[""/home/addaswsw/lab/Software_system_optimization/P1/.cache/build/9609c1e68ed382d9013072618327a16f97967408b4373f587754ab2258da0725"", ""64""]",9609c1e68ed382d9013072618327a16f97967408b4373f587754ab2258da0725,cece4fd572c1d25e9f9a7d045c21e8d77b25079a6f71513de0385d0d85d44835,0a71c2fdb0d3d41be261c9aecc86b87487990dbc3bfd4e6b34e79b7fbd75ab49,64bb8f6c66e70de2c9a53960cbd693447ecebaa43a258f21439bd2827e4b0f66
reference,ref-r1-s8-O2,reference,reference,314159,1,0,0,8,O2,77.394539,77.85840493700016,ok,True,0,"77.394539
checksum=17180040496.458935
",,"[""/home/addaswsw/lab/Software_system_optimization/P1/.cache/build/6fa77b7534d39847122ae17cc2c35b7062c5b407b3fe1908eff84b871eee0a1a"", ""8""]",6fa77b7534d39847122ae17cc2c35b7062c5b407b3fe1908eff84b871eee0a1a,cece4fd572c1d25e9f9a7d045c21e8d77b25079a6f71513de0385d0d85d44835,0a71c2fdb0d3d41be261c9aecc86b87487990dbc3bfd4e6b34e79b7fbd75ab49,64bb8f6c66e70de2c9a53960cbd693447ecebaa43a258f21439bd2827e4b0f66
reference,ref-r1-s128-O2,reference,reference,314159,1,0,0,128,O2,40.385387,40.851964702998885,ok,True,0,"40.385387
checksum=17180040496.458935
",,"[""/home/addaswsw/lab/Software_system_optimization/P1/.cache/build/6fa77b7534d39847122ae17cc2c35b7062c5b407b3fe1908eff84b871eee0a1a"", ""128""]",6fa77b7534d39847122ae17cc2c35b7062c5b407b3fe1908eff84b871eee0a1a,cece4fd572c1d25e9f9a7d045c21e8d77b25079a6f71513de0385d0d85d44835,0a71c2fdb0d3d41be261c9aecc86b87487990dbc3bfd4e6b34e79b7fbd75ab49,64bb8f6c66e70de2c9a53960cbd693447ecebaa43a258f21439bd2827e4b0f66
reference,ref-r1-s64-O1,reference,reference,314159,1,0,0,64,O1,41.472359,42.01949101599894,ok,True,0,"41.472359
checksum=17180040496.458935
",,"[""/home/addaswsw/lab/Software_system_optimization/P1/.cache/build/bc6eecb4e779f6603c2c774a385b0285b0c82453db90246611833e759e3ec170"", ""64""]",bc6eecb4e779f6603c2c774a385b0285b0c82453db90246611833e759e3ec170,cece4fd572c1d25e9f9a7d045c21e8d77b25079a6f71513de0385d0d85d44835,0a71c2fdb0d3d41be261c9aecc86b87487990dbc3bfd4e6b34e79b7fbd75ab49,64bb8f6c66e70de2c9a53960cbd693447ecebaa43a258f21439bd2827e4b0f66
reference,ref-r1-s64-O2,reference,reference,314159,1,0,0,64,O2,41.239479,41.791379899001186,ok,True,0,"41.239479
checksum=17180040496.458935
",,"[""/home/addaswsw/lab/Software_system_optimization/P1/.cache/build/6fa77b7534d39847122ae17cc2c35b7062c5b407b3fe1908eff84b871eee0a1a"", ""64""]",6fa77b7534d39847122ae17cc2c35b7062c5b407b3fe1908eff84b871eee0a1a,cece4fd572c1d25e9f9a7d045c21e8d77b25079a6f71513de0385d0d85d44835,0a71c2fdb0d3d41be261c9aecc86b87487990dbc3bfd4e6b34e79b7fbd75ab49,64bb8f6c66e70de2c9a53960cbd693447ecebaa43a258f21439bd2827e4b0f66
reference,ref-r1-s16-O0,reference,reference,314159,1,0,0,16,O0,216.775696,217.27910325099947,ok,True,0,"216.775696
checksum=17180040496.458935
",,"[""/home/addaswsw/lab/Software_system_optimization/P1/.cache/build/9609c1e68ed382d9013072618327a16f97967408b4373f587754ab2258da0725"", ""16""]",9609c1e68ed382d9013072618327a16f97967408b4373f587754ab2258da0725,cece4fd572c1d25e9f9a7d045c21e8d77b25079a6f71513de0385d0d85d44835,0a71c2fdb0d3d41be261c9aecc86b87487990dbc3bfd4e6b34e79b7fbd75ab49,64bb8f6c66e70de2c9a53960cbd693447ecebaa43a258f21439bd2827e4b0f66
reference,ref-r1-s128-O1,reference,reference,314159,1,0,0,128,O1,43.836937,44.314836683000976,ok,True,0,"43.836937
checksum=17180040496.458935
",,"[""/home/addaswsw/lab/Software_system_optimization/P1/.cache/build/bc6eecb4e779f6603c2c774a385b0285b0c82453db90246611833e759e3ec170"", ""128""]",bc6eecb4e779f6603c2c774a385b0285b0c82453db90246611833e759e3ec170,cece4fd572c1d25e9f9a7d045c21e8d77b25079a6f71513de0385d0d85d44835,0a71c2fdb0d3d41be261c9aecc86b87487990dbc3bfd4e6b34e79b7fbd75ab49,64bb8f6c66e70de2c9a53960cbd693447ecebaa43a258f21439bd2827e4b0f66
reference,ref-r1-s128-O0,reference,reference,314159,1,0,0,128,O0,183.604019,184.11793868000132,ok,True,0,"183.604019
checksum=17180040496.458935
",,"[""/home/addaswsw/lab/Software_system_optimization/P1/.cache/build/9609c1e68ed382d9013072618327a16f97967408b4373f587754ab2258da0725"", ""128""]",9609c1e68ed382d9013072618327a16f97967408b4373f587754ab2258da0725,cece4fd572c1d25e9f9a7d045c21e8d77b25079a6f71513de0385d0d85d44835,0a71c2fdb0d3d41be261c9aecc86b87487990dbc3bfd4e6b34e79b7fbd75ab49,64bb8f6c66e70de2c9a53960cbd693447ecebaa43a258f21439bd2827e4b0f66
reference,ref-r1-s8-O3,reference,reference,314159,1,0,0,8,O3,77.491714,77.99140262999936,ok,True,0,"77.491714
checksum=17180040496.458935
",,"[""/home/addaswsw/lab/Software_system_optimization/P1/.cache/build/4478878b0cef571f777d11b103f13023852c36d59675675f07c7ad8519fb292d"", ""8""]",4478878b0cef571f777d11b103f13023852c36d59675675f07c7ad8519fb292d,cece4fd572c1d25e9f9a7d045c21e8d77b25079a6f71513de0385d0d85d44835,0a71c2fdb0d3d41be261c9aecc86b87487990dbc3bfd4e6b34e79b7fbd75ab49,64bb8f6c66e70de2c9a53960cbd693447ecebaa43a258f21439bd2827e4b0f66
reference,ref-r1-s24-O1,reference,reference,314159,1,0,0,24,O1,45.351921,45.863519423999605,ok,True,0,"45.351921
checksum=17180040496.458935
",,"[""/home/addaswsw/lab/Software_system_optimization/P1/.cache/build/bc6eecb4e779f6603c2c774a385b0285b0c82453db90246611833e759e3ec170"", ""24""]",bc6eecb4e779f6603c2c774a385b0285b0c82453db90246611833e759e3ec170,cece4fd572c1d25e9f9a7d045c21e8d77b25079a6f71513de0385d0d85d44835,0a71c2fdb0d3d41be261c9aecc86b87487990dbc3bfd4e6b34e79b7fbd75ab49,64bb8f6c66e70de2c9a53960cbd693447ecebaa43a258f21439bd2827e4b0f66
reference,ref-r1-s24-O0,reference,reference,314159,1,0,0,24,O0,210.435379,210.92635807999977,ok,True,0,"210.435379
checksum=17180040496.458935
",,"[""/home/addaswsw/lab/Software_system_optimization/P1/.cache/build/9609c1e68ed382d9013072618327a16f97967408b4373f587754ab2258da0725"", ""24""]",9609c1e68ed382d9013072618327a16f97967408b4373f587754ab2258da0725,cece4fd572c1d25e9f9a7d045c21e8d77b25079a6f71513de0385d0d85d44835,0a71c2fdb0d3d41be261c9aecc86b87487990dbc3bfd4e6b34e79b7fbd75ab49,64bb8f6c66e70de2c9a53960cbd693447ecebaa43a258f21439bd2827e4b0f66
reference,ref-r1-s16-O2,reference,reference,314159,1,0,0,16,O2,43.614208,44.08517993499845,ok,True,0,"43.614208
checksum=17180040496.458935
",,"[""/home/addaswsw/lab/Software_system_optimization/P1/.cache/build/6fa77b7534d39847122ae17cc2c35b7062c5b407b3fe1908eff84b871eee0a1a"", ""16""]",6fa77b7534d39847122ae17cc2c35b7062c5b407b3fe1908eff84b871eee0a1a,cece4fd572c1d25e9f9a7d045c21e8d77b25079a6f71513de0385d0d85d44835,0a71c2fdb0d3d41be261c9aecc86b87487990dbc3bfd4e6b34e79b7fbd75ab49,64bb8f6c66e70de2c9a53960cbd693447ecebaa43a258f21439bd2827e4b0f66
reference,ref-r2-s8-O3,reference,reference,314160,2,0,0,8,O3,79.443375,79.92150891299934,ok,True,0,"79.443375
checksum=17180040496.458935
",,"[""/home/addaswsw/lab/Software_system_optimization/P1/.cache/build/4478878b0cef571f777d11b103f13023852c36d59675675f07c7ad8519fb292d"", ""8""]",4478878b0cef571f777d11b103f13023852c36d59675675f07c7ad8519fb292d,cece4fd572c1d25e9f9a7d045c21e8d77b25079a6f71513de0385d0d85d44835,0a71c2fdb0d3d41be261c9aecc86b87487990dbc3bfd4e6b34e79b7fbd75ab49,64bb8f6c66e70de2c9a53960cbd693447ecebaa43a258f21439bd2827e4b0f66
reference,ref-r2-s64-O3,reference,reference,314160,2,0,0,64,O3,44.56382,45.07104154500121,ok,True,0,"44.563820
checksum=17180040496.458935
",,"[""/home/addaswsw/lab/Software_system_optimization/P1/.cache/build/4478878b0cef571f777d11b103f13023852c36d59675675f07c7ad8519fb292d"", ""64""]",4478878b0cef571f777d11b103f13023852c36d59675675f07c7ad8519fb292d,cece4fd572c1d25e9f9a7d045c21e8d77b25079a6f71513de0385d0d85d44835,0a71c2fdb0d3d41be261c9aecc86b87487990dbc3bfd4e6b34e79b7fbd75ab49,64bb8f6c66e70de2c9a53960cbd693447ecebaa43a258f21439bd2827e4b0f66
reference,ref-r2-s64-O2,reference,reference,314160,2,0,0,64,O2,41.263855,41.74357829699875,ok,True,0,"41.263855
checksum=17180040496.458935
",,"[""/home/addaswsw/lab/Software_system_optimization/P1/.cache/build/6fa77b7534d39847122ae17cc2c35b7062c5b407b3fe1908eff84b871eee0a1a"", ""64""]",6fa77b7534d39847122ae17cc2c35b7062c5b407b3fe1908eff84b871eee0a1a,cece4fd572c1d25e9f9a7d045c21e8d77b25079a6f71513de0385d0d85d44835,0a71c2fdb0d3d41be261c9aecc86b87487990dbc3bfd4e6b34e79b7fbd75ab49,64bb8f6c66e70de2c9a53960cbd693447ecebaa43a258f21439bd2827e4b0f66
reference,ref-r2-s128-O1,reference,reference,314160,2,0,0,128,O1,41.177814,41.66124662999937,ok,True,0,"41.177814
checksum=17180040496.458935
",,"[""/home/addaswsw/lab/Software_system_optimization/P1/.cache/build/bc6eecb4e779f6603c2c774a385b0285b0c82453db90246611833e759e3ec170"", ""128""]",bc6eecb4e779f6603c2c774a385b0285b0c82453db90246611833e759e3ec170,cece4fd572c1d25e9f9a7d045c21e8d77b25079a6f71513de0385d0d85d44835,0a71c2fdb0d3d41be261c9aecc86b87487990dbc3bfd4e6b34e79b7fbd75ab49,64bb8f6c66e70de2c9a53960cbd693447ecebaa43a258f21439bd2827e4b0f66
reference,ref-r2-s16-O2,reference,reference,314160,2,0,0,16,O2,45.101536,45.57765463599935,ok,True,0,"45.101536
checksum=17180040496.458935
",,"[""/home/addaswsw/lab/Software_system_optimization/P1/.cache/build/6fa77b7534d39847122ae17cc2c35b7062c5b407b3fe1908eff84b871eee0a1a"", ""16""]",6fa77b7534d39847122ae17cc2c35b7062c5b407b3fe1908eff84b871eee0a1a,cece4fd572c1d25e9f9a7d045c21e8d77b25079a6f71513de0385d0d85d44835,0a71c2fdb0d3d41be261c9aecc86b87487990dbc3bfd4e6b34e79b7fbd75ab49,64bb8f6c66e70de2c9a53960cbd693447ecebaa43a258f21439bd2827e4b0f66
reference,ref-r2-s8-O2,reference,reference,314160,2,0,0,8,O2,78.313446,78.78426085399951,ok,True,0,"78.313446
checksum=17180040496.458935
",,"[""/home/addaswsw/lab/Software_system_optimization/P1/.cache/build/6fa77b7534d39847122ae17cc2c35b7062c5b407b3fe1908eff84b871eee0a1a"", ""8""]",6fa77b7534d39847122ae17cc2c35b7062c5b407b3fe1908eff84b871eee0a1a,cece4fd572c1d25e9f9a7d045c21e8d77b25079a6f71513de0385d0d85d44835,0a71c2fdb0d3d41be261c9aecc86b87487990dbc3bfd4e6b34e79b7fbd75ab49,64bb8f6c66e70de2c9a53960cbd693447ecebaa43a258f21439bd2827e4b0f66
reference,ref-r2-s24-O0,reference,reference,314160,2,0,0,24,O0,208.192566,208.69004859900087,ok,True,0,"208.192566
checksum=17180040496.458935
",,"[""/home/addaswsw/lab/Software_system_optimization/P1/.cache/build/9609c1e68ed382d9013072618327a16f97967408b4373f587754ab2258da0725"", ""24""]",9609c1e68ed382d9013072618327a16f97967408b4373f587754ab2258da0725,cece4fd572c1d25e9f9a7d045c21e8d77b25079a6f71513de0385d0d85d44835,0a71c2fdb0d3d41be261c9aecc86b87487990dbc3bfd4e6b34e79b7fbd75ab49,64bb8f6c66e70de2c9a53960cbd693447ecebaa43a258f21439bd2827e4b0f66
reference,ref-r2-s16-O0,reference,reference,314160,2,0,0,16,O0,217.883865,218.37278461700043,ok,True,0,"217.883865
checksum=17180040496.458935
",,"[""/home/addaswsw/lab/Software_system_optimization/P1/.cache/build/9609c1e68ed382d9013072618327a16f97967408b4373f587754ab2258da0725"", ""16""]",9609c1e68ed382d9013072618327a16f97967408b4373f587754ab2258da0725,cece4fd572c1d25e9f9a7d045c21e8d77b25079a6f71513de0385d0d85d44835,0a71c2fdb0d3d41be261c9aecc86b87487990dbc3bfd4e6b34e79b7fbd75ab49,64bb8f6c66e70de2c9a53960cbd693447ecebaa43a258f21439bd2827e4b0f66
reference,ref-r2-s24-O1,reference,reference,314160,2,0,0,24,O1,46.527649,46.9944490809994,ok,True,0,"46.527649
checksum=17180040496.458935
",,"[""/home/addaswsw/lab/Software_system_optimization/P1/.cache/build/bc6eecb4e779f6603c2c774a385b0285b0c82453db90246611833e759e3ec170"", ""24""]",bc6eecb4e779f6603c2c774a385b0285b0c82453db90246611833e759e3ec170,cece4fd572c1d25e9f9a7d045c21e8d77b25079a6f71513de0385d0d85d44835,0a71c2fdb0d3d41be261c9aecc86b87487990dbc3bfd4e6b34e79b7fbd75ab49,64bb8f6c66e70de2c9a53960cbd693447ecebaa43a258f21439bd2827e4b0f66
reference,ref-r2-s128-O3,reference,reference,314160,2,0,0,128,O3,42.501537,42.971350529998745,ok,True,0,"42.501537
checksum=17180040496.458935
",,"[""/home/addaswsw/lab/Software_system_optimization/P1/.cache/build/4478878b0cef571f777d11b103f13023852c36d59675675f07c7ad8519fb292d"", ""128""]",4478878b0cef571f777d11b103f13023852c36d59675675f07c7ad8519fb292d,cece4fd572c1d25e9f9a7d045c21e8d77b25079a6f71513de0385d0d85d44835,0a71c2fdb0d3d41be261c9aecc86b87487990dbc3bfd4e6b34e79b7fbd75ab49,64bb8f6c66e70de2c9a53960cbd693447ecebaa43a258f21439bd2827e4b0f66
reference,ref-r2-s8-O1,reference,reference,314160,2,0,0,8,O1,77.373161,77.85668429500038,ok,True,0,"77.373161
checksum=17180040496.458935
",,"[""/home/addaswsw/lab/Software_system_optimization/P1/.cache/build/bc6eecb4e779f6603c2c774a385b0285b0c82453db90246611833e759e3ec170"", ""8""]",bc6eecb4e779f6603c2c774a385b0285b0c82453db90246611833e759e3ec170,cece4fd572c1d25e9f9a7d045c21e8d77b25079a6f71513de0385d0d85d44835,0a71c2fdb0d3d41be261c9aecc86b87487990dbc3bfd4e6b34e79b7fbd75ab49,64bb8f6c66e70de2c9a53960cbd693447ecebaa43a258f21439bd2827e4b0f66
reference,ref-r2-s64-O1,reference,reference,314160,2,0,0,64,O1,43.474083,43.941343274000246,ok,True,0,"43.474083
checksum=17180040496.458935
",,"[""/home/addaswsw/lab/Software_system_optimization/P1/.cache/build/bc6eecb4e779f6603c2c774a385b0285b0c82453db90246611833e759e3ec170"", ""64""]",bc6eecb4e779f6603c2c774a385b0285b0c82453db90246611833e759e3ec170,cece4fd572c1d25e9f9a7d045c21e8d77b25079a6f71513de0385d0d85d44835,0a71c2fdb0d3d41be261c9aecc86b87487990dbc3bfd4e6b34e79b7fbd75ab49,64bb8f6c66e70de2c9a53960cbd693447ecebaa43a258f21439bd2827e4b0f66
reference,ref-r2-s16-O1,reference,reference,314160,2,0,0,16,O1,44.326172,44.80337806899843,ok,True,0,"44.326172
checksum=17180040496.458935
",,"[""/home/addaswsw/lab/Software_system_optimization/P1/.cache/build/bc6eecb4e779f6603c2c774a385b0285b0c82453db90246611833e759e3ec170"", ""16""]",bc6eecb4e779f6603c2c774a385b0285b0c82453db90246611833e759e3ec170,cece4fd572c1d25e9f9a7d045c21e8d77b25079a6f71513de0385d0d85d44835,0a71c2fdb0d3d41be261c9aecc86b87487990dbc3bfd4e6b34e79b7fbd75ab49,64bb8f6c66e70de2c9a53960cbd693447ecebaa43a258f21439bd2827e4b0f66
reference,ref-r2-s128-O0,reference,reference,314160,2,0,0,128,O0,178.396179,178.94390935000047,ok,True,0,"178.396179
checksum=17180040496.458935
",,"[""/home/addaswsw/lab/Software_system_optimization/P1/.cache/build/9609c1e68ed382d9013072618327a16f97967408b4373f587754ab2258da0725"", ""128""]",9609c1e68ed382d9013072618327a16f97967408b4373f587754ab2258da0725,cece4fd572c1d25e9f9a7d045c21e8d77b25079a6f71513de0385d0d85d44835,0a71c2fdb0d3d41be261c9aecc86b87487990dbc3bfd4e6b34e79b7fbd75ab49,64bb8f6c66e70de2c9a53960cbd693447ecebaa43a258f21439bd2827e4b0f66
reference,ref-r2-s24-O2,reference,reference,314160,2,0,0,24,O2,43.73703,44.20833880399914,ok,True,0,"43.737030
checksum=17180040496.458935
",,"[""/home/addaswsw/lab/Software_system_optimization/P1/.cache/build/6fa77b7534d39847122ae17cc2c35b7062c5b407b3fe1908eff84b871eee0a1a"", ""24""]",6fa77b7534d39847122ae17cc2c35b7062c5b407b3fe1908eff84b871eee0a1a,cece4fd572c1d25e9f9a7d045c21e8d77b25079a6f71513de0385d0d85d44835,0a71c2fdb0d3d41be261c9aecc86b87487990dbc3bfd4e6b34e79b7fbd75ab49,64bb8f6c66e70de2c9a53960cbd693447ecebaa43a258f21439bd2827e4b0f66
reference,ref-r2-s64-O0,reference,reference,314160,2,0,0,64,O0,184.356445,184.8663232559993,ok,True,0,"184.356445
checksum=17180040496.458935
",,"[""/home/addaswsw/lab/Software_system_optimization/P1/.cache/build/9609c1e68ed382d9013072618327a16f97967408b4373f587754ab2258da0725"", ""64""]",9609c1e68ed382d9013072618327a16f97967408b4373f587754ab2258da0725,cece4fd572c1d25e9f9a7d045c21e8d77b25079a6f71513de0385d0d85d44835,0a71c2fdb0d3d41be261c9aecc86b87487990dbc3bfd4e6b34e79b7fbd75ab49,64bb8f6c66e70de2c9a53960cbd693447ecebaa43a258f21439bd2827e4b0f66
reference,ref-r2-s128-O2,reference,reference,314160,2,0,0,128,O2,39.499706,39.99400393200085,ok,True,0,"39.499706
checksum=17180040496.458935
",,"[""/home/addaswsw/lab/Software_system_optimization/P1/.cache/build/6fa77b7534d39847122ae17cc2c35b7062c5b407b3fe1908eff84b871eee0a1a"", ""128""]",6fa77b7534d39847122ae17cc2c35b7062c5b407b3fe1908eff84b871eee0a1a,cece4fd572c1d25e9f9a7d045c21e8d77b25079a6f71513de0385d0d85d44835,0a71c2fdb0d3d41be261c9aecc86b87487990dbc3bfd4e6b34e79b7fbd75ab49,64bb8f6c66e70de2c9a53960cbd693447ecebaa43a258f21439bd2827e4b0f66
reference,ref-r2-s24-O3,reference,reference,314160,2,0,0,24,O3,44.84676,45.322321958999964,ok,True,0,"44.846760
checksum=17180040496.458935
",,"[""/home/addaswsw/lab/Software_system_optimization/P1/.cache/build/4478878b0cef571f777d11b103f13023852c36d59675675f07c7ad8519fb292d"", ""24""]",4478878b0cef571f777d11b103f13023852c36d59675675f07c7ad8519fb292d,cece4fd572c1d25e9f9a7d045c21e8d77b25079a6f71513de0385d0d85d44835,0a71c2fdb0d3d41be261c9aecc86b87487990dbc3bfd4e6b34e79b7fbd75ab49,64bb8f6c66e70de2c9a53960cbd693447ecebaa43a258f21439bd2827e4b0f66
reference,ref-r2-s16-O3,reference,reference,314160,2,0,0,16,O3,43.266327,43.7688088649993,ok,True,0,"43.266327
checksum=17180040496.458935
",,"[""/home/addaswsw/lab/Software_system_optimization/P1/.cache/build/4478878b0cef571f777d11b103f13023852c36d59675675f07c7ad8519fb292d"", ""16""]",4478878b0cef571f777d11b103f13023852c36d59675675f07c7ad8519fb292d,cece4fd572c1d25e9f9a7d045c21e8d77b25079a6f71513de0385d0d85d44835,0a71c2fdb0d3d41be261c9aecc86b87487990dbc3bfd4e6b34e79b7fbd75ab49,64bb8f6c66e70de2c9a53960cbd693447ecebaa43a258f21439bd2827e4b0f66
reference,ref-r2-s8-O0,reference,reference,314160,2,0,0,8,O0,295.33313,295.83784818000095,ok,True,0,"295.333130
checksum=17180040496.458935
",,"[""/home/addaswsw/lab/Software_system_optimization/P1/.cache/build/9609c1e68ed382d9013072618327a16f97967408b4373f587754ab2258da0725"", ""8""]",9609c1e68ed382d9013072618327a16f97967408b4373f587754ab2258da0725,cece4fd572c1d25e9f9a7d045c21e8d77b25079a6f71513de0385d0d85d44835,0a71c2fdb0d3d41be261c9aecc86b87487990dbc3bfd4e6b34e79b7fbd75ab49,64bb8f6c66e70de2c9a53960cbd693447ecebaa43a258f21439bd2827e4b0f66
reference,ref-r3-s64-O1,reference,reference,314161,3,0,0,64,O1,40.279541,40.770055203000084,ok,True,0,"40.279541
checksum=17180040496.458935
",,"[""/home/addaswsw/lab/Software_system_optimization/P1/.cache/build/bc6eecb4e779f6603c2c774a385b0285b0c82453db90246611833e759e3ec170"", ""64""]",bc6eecb4e779f6603c2c774a385b0285b0c82453db90246611833e759e3ec170,cece4fd572c1d25e9f9a7d045c21e8d77b25079a6f71513de0385d0d85d44835,0a71c2fdb0d3d41be261c9aecc86b87487990dbc3bfd4e6b34e79b7fbd75ab49,64bb8f6c66e70de2c9a53960cbd693447ecebaa43a258f21439bd2827e4b0f66
reference,ref-r3-s16-O0,reference,reference,314161,3,0,0,16,O0,217.292618,217.83971470299912,ok,True,0,"217.292618
checksum=17180040496.458935
",,"[""/home/addaswsw/lab/Software_system_optimization/P1/.cache/build/9609c1e68ed382d9013072618327a16f97967408b4373f587754ab2258da0725"", ""16""]",9609c1e68ed382d9013072618327a16f97967408b4373f587754ab2258da0725,cece4fd572c1d25e9f9a7d045c21e8d77b25079a6f71513de0385d0d85d44835,0a71c2fdb0d3d41be261c9aecc86b87487990dbc3bfd4e6b34e79b7fbd75ab49,64bb8f6c66e70de2c9a53960cbd693447ecebaa43a258f21439bd2827e4b0f66
reference,ref-r3-s24-O3,reference,reference,314161,3,0,0,24,O3,42.851131,43.34407319799902,ok,True,0,"42.851131
checksum=17180040496.458935
",,"[""/home/addaswsw/lab/Software_system_optimization/P1/.cache/build/4478878b0cef571f777d11b103f13023852c36d59675675f07c7ad8519fb292d"", ""24""]",4478878b0cef571f777d11b103f13023852c36d59675675f07c7ad8519fb292d,cece4fd572c1d25e9f9a7d045c21e8d77b25079a6f71513de0385d0d85d44835,0a71c2fdb0d3d41be261c9aecc86b87487990dbc3bfd4e6b34e79b7fbd75ab49,64bb8f6c66e70de2c9a53960cbd693447ecebaa43a258f21439bd2827e4b0f66
reference,ref-r3-s128-O2,reference,reference,314161,3,0,0,128,O2,34.484921,34.96748502700029,ok,True,0,"34.484921
checksum=17180040496.458935
",,"[""/home/addaswsw/lab/Software_system_optimization/P1/.cache/build/6fa77b7534d39847122ae17cc2c35b7062c5b407b3fe1908eff84b871eee0a1a"", ""128""]",6fa77b7534d39847122ae17cc2c35b7062c5b407b3fe1908eff84b871eee0a1a,cece4fd572c1d25e9f9a7d045c21e8d77b25079a6f71513de0385d0d85d44835,0a71c2fdb0d3d41be261c9aecc86b87487990dbc3bfd4e6b34e79b7fbd75ab49,64bb8f6c66e70de2c9a53960cbd693447ecebaa43a258f21439bd2827e4b0f66
reference,ref-r3-s128-O0,reference,reference,314161,3,0,0,128,O0,168.394943,168.8991574870015,ok,True,0,"168.394943
checksum=17180040496.458935
",,"[""/home/addaswsw/lab/Software_system_optimization/P1/.cache/build/9609c1e68ed382d9013072618327a16f97967408b4373f587754ab2258da0725"", ""128""]",9609c1e68ed382d9013072618327a16f97967408b4373f587754ab2258da0725,cece4fd572c1d25e9f9a7d045c21e8d77b25079a6f71513de0385d0d85d44835,0a71c2fdb0d3d41be261c9aecc86b87487990dbc3bfd4e6b34e79b7fbd75ab49,64bb8f6c66e70de2c9a53960cbd693447ecebaa43a258f21439bd2827e4b0f66
reference,ref-r3-s16-O1,reference,reference,314161,3,0,0,16,O1,43.894539,44.379993270998966,ok,True,0,"43.894539
checksum=17180040496.458935
",,"[""/home/addaswsw/lab/Software_system_optimization/P1/.cache/build/bc6eecb4e779f6603c2c774a385b0285b0c82453db90246611833e759e3ec170"", ""16""]",bc6eecb4e779f6603c2c774a385b0285b0c82453db90246611833e759e3ec170,cece4fd572c1d25e9f9a7d045c21e8d77b25079a6f71513de0385d0d85d44835,0a71c2fdb0d3d41be261c9aecc86b87487990dbc3bfd4e6b34e79b7fbd75ab49,64bb8f6c66e70de2c9a53960cbd693447ecebaa43a258f21439bd2827e4b0f66
reference,ref-r3-s8-O3,reference,reference,314161,3,0,0,8,O3,78.263649,78.75095724999846,ok,True,0,"78.263649
checksum=17180040496.458935
",,"[""/home/addaswsw/lab/Software_system_optimization/P1/.cache/build/4478878b0cef571f777d11b103f13023852c36d59675675f07c7ad8519fb292d"", ""8""]",4478878b0cef571f777d11b103f13023852c36d59675675f07c7ad8519fb292d,cece4fd572c1d25e9f9a7d045c21e8d77b25079a6f71513de0385d0d85d44835,0a71c2fdb0d3d41be261c9aecc86b87487990dbc3bfd4e6b34e79b7fbd75ab49,64bb8f6c66e70de2c9a53960cbd693447ecebaa43a258f21439bd2827e4b0f66
reference,ref-r3-s24-O1,reference,reference,314161,3,0,0,24,O1,46.188328,46.68306485100038,ok,True,0,"46.188328
checksum=17180040496.458935
",,"[""/home/addaswsw/lab/Software_system_optimization/P1/.cache/build/bc6eecb4e779f6603c2c774a385b0285b0c82453db90246611833e759e3ec170"", ""24""]",bc6eecb4e779f6603c2c774a385b0285b0c82453db90246611833e759e3ec170,cece4fd572c1d25e9f9a7d045c21e8d77b25079a6f71513de0385d0d85d44835,0a71c2fdb0d3d41be261c9aecc86b87487990dbc3bfd4e6b34e79b7fbd75ab49,64bb8f6c66e70de2c9a53960cbd693447ecebaa43a258f21439bd2827e4b0f66
reference,ref-r3-s8-O0,reference,reference,314161,3,0,0,8,O0,300.62323,301.1496719320003,ok,True,0,"300.623230
checksum=17180040496.458935
",,"[""/home/addaswsw/lab/Software_system_optimization/P1/.cache/build/9609c1e68ed382d9013072618327a16f97967408b4373f587754ab2258da0725"", ""8""]",9609c1e68ed382d9013072618327a16f97967408b4373f587754ab2258da0725,cece4fd572c1d25e9f9a7d045c21e8d77b25079a6f71513de0385d0d85d44835,0a71c2fdb0d3d41be261c9aecc86b87487990dbc3bfd4e6b34e79b7fbd75ab49,64bb8f6c66e70de2c9a53960cbd693447ecebaa43a258f21439bd2827e4b0f66
reference,ref-r3-s128-O3,reference,reference,314161,3,0,0,128,O3,33.005756,33.490438384998924,ok,True,0,"33.005756
checksum=17180040496.458935
",,"[""/home/addaswsw/lab/Software_system_optimization/P1/.cache/build/4478878b0cef571f777d11b103f13023852c36d59675675f07c7ad8519fb292d"", ""128""]",4478878b0cef571f777d11b103f13023852c36d59675675f07c7ad8519fb292d,cece4fd572c1d25e9f9a7d045c21e8d77b25079a6f71513de0385d0d85d44835,0a71c2fdb0d3d41be261c9aecc86b87487990dbc3bfd4e6b34e79b7fbd75ab49,64bb8f6c66e70de2c9a53960cbd693447ecebaa43a258f21439bd2827e4b0f66
reference,ref-r3-s16-O2,reference,reference,314161,3,0,0,16,O2,41.873886,42.35021036899889,ok,True,0,"41.873886
checksum=17180040496.458935
",,"[""/home/addaswsw/lab/Software_system_optimization/P1/.cache/build/6fa77b7534d39847122ae17cc2c35b7062c5b407b3fe1908eff84b871eee0a1a"", ""16""]",6fa77b7534d39847122ae17cc2c35b7062c5b407b3fe1908eff84b871eee0a1a,cece4fd572c1d25e9f9a7d045c21e8d77b25079a6f71513de0385d0d85d44835,0a71c2fdb0d3d41be261c9aecc86b87487990dbc3bfd4e6b34e79b7fbd75ab49,64bb8f6c66e70de2c9a53960cbd693447ecebaa43a258f21439bd2827e4b0f66
reference,ref-r3-s64-O3,reference,reference,314161,3,0,0,64,O3,38.873222,39.39038498099944,ok,True,0,"38.873222
checksum=17180040496.458935
",,"[""/home/addaswsw/lab/Software_system_optimization/P1/.cache/build/4478878b0cef571f777d11b103f13023852c36d59675675f07c7ad8519fb292d"", ""64""]",4478878b0cef571f777d11b103f13023852c36d59675675f07c7ad8519fb292d,cece4fd572c1d25e9f9a7d045c21e8d77b25079a6f71513de0385d0d85d44835,0a71c2fdb0d3d41be261c9aecc86b87487990dbc3bfd4e6b34e79b7fbd75ab49,64bb8f6c66e70de2c9a53960cbd693447ecebaa43a258f21439bd2827e4b0f66
reference,ref-r3-s16-O3,reference,reference,314161,3,0,0,16,O3,44.41325,44.899593526999524,ok,True,0,"44.413250
checksum=17180040496.458935
",,"[""/home/addaswsw/lab/Software_system_optimization/P1/.cache/build/4478878b0cef571f777d11b103f13023852c36d59675675f07c7ad8519fb292d"", ""16""]",4478878b0cef571f777d11b103f13023852c36d59675675f07c7ad8519fb292d,cece4fd572c1d25e9f9a7d045c21e8d77b25079a6f71513de0385d0d85d44835,0a71c2fdb0d3d41be261c9aecc86b87487990dbc3bfd4e6b34e79b7fbd75ab49,64bb8f6c66e70de2c9a53960cbd693447ecebaa43a258f21439bd2827e4b0f66
reference,ref-r3-s128-O1,reference,reference,314161,3,0,0,128,O1,33.823772,34.302288545999545,ok,True,0,"33.823772
checksum=17180040496.458935
",,"[""/home/addaswsw/lab/Software_system_optimization/P1/.cache/build/bc6eecb4e779f6603c2c774a385b0285b0c82453db90246611833e759e3ec170"", ""128""]",bc6eecb4e779f6603c2c774a385b0285b0c82453db90246611833e759e3ec170,cece4fd572c1d25e9f9a7d045c21e8d77b25079a6f71513de0385d0d85d44835,0a71c2fdb0d3d41be261c9aecc86b87487990dbc3bfd4e6b34e79b7fbd75ab49,64bb8f6c66e70de2c9a53960cbd693447ecebaa43a258f21439bd2827e4b0f66
reference,ref-r3-s64-O0,reference,reference,314161,3,0,0,64,O0,178.504776,179.0070184640008,ok,True,0,"178.504776
checksum=17180040496.458935
",,"[""/home/addaswsw/lab/Software_system_optimization/P1/.cache/build/9609c1e68ed382d9013072618327a16f97967408b4373f587754ab2258da0725"", ""64""]",9609c1e68ed382d9013072618327a16f97967408b4373f587754ab2258da0725,cece4fd572c1d25e9f9a7d045c21e8d77b25079a6f71513de0385d0d85d44835,0a71c2fdb0d3d41be261c9aecc86b87487990dbc3bfd4e6b34e79b7fbd75ab49,64bb8f6c66e70de2c9a53960cbd693447ecebaa43a258f21439bd2827e4b0f66
reference,ref-r3-s8-O2,reference,reference,314161,3,0,0,8,O2,78.487755,78.97422635099974,ok,True,0,"78.487755
checksum=17180040496.458935
",,"[""/home/addaswsw/lab/Software_system_optimization/P1/.cache/build/6fa77b7534d39847122ae17cc2c35b7062c5b407b3fe1908eff84b871eee0a1a"", ""8""]",6fa77b7534d39847122ae17cc2c35b7062c5b407b3fe1908eff84b871eee0a1a,cece4fd572c1d25e9f9a7d045c21e8d77b25079a6f71513de0385d0d85d44835,0a71c2fdb0d3d41be261c9aecc86b87487990dbc3bfd4e6b34e79b7fbd75ab49,64bb8f6c66e70de2c9a53960cbd693447ecebaa43a258f21439bd2827e4b0f66
reference,ref-r3-s8-O1,reference,reference,314161,3,0,0,8,O1,77.900536,78.3832202600006,ok,True,0,"77.900536
checksum=17180040496.458935
",,"[""/home/addaswsw/lab/Software_system_optimization/P1/.cache/build/bc6eecb4e779f6603c2c774a385b0285b0c82453db90246611833e759e3ec170"", ""8""]",bc6eecb4e779f6603c2c774a385b0285b0c82453db90246611833e759e3ec170,cece4fd572c1d25e9f9a7d045c21e8d77b25079a6f71513de0385d0d85d44835,0a71c2fdb0d3d41be261c9aecc86b87487990dbc3bfd4e6b34e79b7fbd75ab49,64bb8f6c66e70de2c9a53960cbd693447ecebaa43a258f21439bd2827e4b0f66
reference,ref-r3-s64-O2,reference,reference,314161,3,0,0,64,O2,38.877781,39.367485635000776,ok,True,0,"38.877781
checksum=17180040496.458935
",,"[""/home/addaswsw/lab/Software_system_optimization/P1/.cache/build/6fa77b7534d39847122ae17cc2c35b7062c5b407b3fe1908eff84b871eee0a1a"", ""64""]",6fa77b7534d39847122ae17cc2c35b7062c5b407b3fe1908eff84b871eee0a1a,cece4fd572c1d25e9f9a7d045c21e8d77b25079a6f71513de0385d0d85d44835,0a71c2fdb0d3d41be261c9aecc86b87487990dbc3bfd4e6b34e79b7fbd75ab49,64bb8f6c66e70de2c9a53960cbd693447ecebaa43a258f21439bd2827e4b0f66
reference,ref-r3-s24-O0,reference,reference,314161,3,0,0,24,O0,211.259659,211.76616624899907,ok,True,0,"211.259659
checksum=17180040496.458935
",,"[""/home/addaswsw/lab/Software_system_optimization/P1/.cache/build/9609c1e68ed382d9013072618327a16f97967408b4373f587754ab2258da0725"", ""24""]",9609c1e68ed382d9013072618327a16f97967408b4373f587754ab2258da0725,cece4fd572c1d25e9f9a7d045c21e8d77b25079a6f71513de0385d0d85d44835,0a71c2fdb0d3d41be261c9aecc86b87487990dbc3bfd4e6b34e79b7fbd75ab49,64bb8f6c66e70de2c9a53960cbd693447ecebaa43a258f21439bd2827e4b0f66
reference,ref-r3-s24-O2,reference,reference,314161,3,0,0,24,O2,43.792755,44.27659539100205,ok,True,0,"43.792755
checksum=17180040496.458935
",,"[""/home/addaswsw/lab/Software_system_optimization/P1/.cache/build/6fa77b7534d39847122ae17cc2c35b7062c5b407b3fe1908eff84b871eee0a1a"", ""24""]",6fa77b7534d39847122ae17cc2c35b7062c5b407b3fe1908eff84b871eee0a1a,cece4fd572c1d25e9f9a7d045c21e8d77b25079a6f71513de0385d0d85d44835,0a71c2fdb0d3d41be261c9aecc86b87487990dbc3bfd4e6b34e79b7fbd75ab49,64bb8f6c66e70de2c9a53960cbd693447ecebaa43a258f21439bd2827e4b0f66
selection,warmup-selection,warmup,warmup,0,,0,0,128,O3,47.45369,47.954286367999885,ok,True,0,"47.453690
checksum=17180040496.458935
",,"[""/home/addaswsw/lab/Software_system_optimization/P1/.cache/build/4478878b0cef571f777d11b103f13023852c36d59675675f07c7ad8519fb292d"", ""128""]",4478878b0cef571f777d11b103f13023852c36d59675675f07c7ad8519fb292d,cece4fd572c1d25e9f9a7d045c21e8d77b25079a6f71513de0385d0d85d44835,0a71c2fdb0d3d41be261c9aecc86b87487990dbc3bfd4e6b34e79b7fbd75ab49,64bb8f6c66e70de2c9a53960cbd693447ecebaa43a258f21439bd2827e4b0f66
selection,selection-grid-seed104729,search,grid,104729,,0,0,8,O0,320.057098,320.53706050099936,ok,True,0,"320.057098
checksum=17180040496.458935
",,"[""/home/addaswsw/lab/Software_system_optimization/P1/.cache/build/9609c1e68ed382d9013072618327a16f97967408b4373f587754ab2258da0725"", ""8""]",9609c1e68ed382d9013072618327a16f97967408b4373f587754ab2258da0725,cece4fd572c1d25e9f9a7d045c21e8d77b25079a6f71513de0385d0d85d44835,0a71c2fdb0d3d41be261c9aecc86b87487990dbc3bfd4e6b34e79b7fbd75ab49,64bb8f6c66e70de2c9a53960cbd693447ecebaa43a258f21439bd2827e4b0f66
selection,selection-grid-seed104729,search,grid,104729,,1,0,8,O1,77.951836,78.41378939400238,ok,True,0,"77.951836
checksum=17180040496.458935
",,"[""/home/addaswsw/lab/Software_system_optimization/P1/.cache/build/bc6eecb4e779f6603c2c774a385b0285b0c82453db90246611833e759e3ec170"", ""8""]",bc6eecb4e779f6603c2c774a385b0285b0c82453db90246611833e759e3ec170,cece4fd572c1d25e9f9a7d045c21e8d77b25079a6f71513de0385d0d85d44835,0a71c2fdb0d3d41be261c9aecc86b87487990dbc3bfd4e6b34e79b7fbd75ab49,64bb8f6c66e70de2c9a53960cbd693447ecebaa43a258f21439bd2827e4b0f66
selection,selection-grid-seed104729,search,grid,104729,,2,0,8,O2,78.469177,78.92333905900159,ok,True,0,"78.469177
checksum=17180040496.458935
",,"[""/home/addaswsw/lab/Software_system_optimization/P1/.cache/build/6fa77b7534d39847122ae17cc2c35b7062c5b407b3fe1908eff84b871eee0a1a"", ""8""]",6fa77b7534d39847122ae17cc2c35b7062c5b407b3fe1908eff84b871eee0a1a,cece4fd572c1d25e9f9a7d045c21e8d77b25079a6f71513de0385d0d85d44835,0a71c2fdb0d3d41be261c9aecc86b87487990dbc3bfd4e6b34e79b7fbd75ab49,64bb8f6c66e70de2c9a53960cbd693447ecebaa43a258f21439bd2827e4b0f66
selection,selection-grid-seed104729,search,grid,104729,,3,0,8,O3,78.751472,79.22391984299975,ok,True,0,"78.751472
checksum=17180040496.458935
",,"[""/home/addaswsw/lab/Software_system_optimization/P1/.cache/build/4478878b0cef571f777d11b103f13023852c36d59675675f07c7ad8519fb292d"", ""8""]",4478878b0cef571f777d11b103f13023852c36d59675675f07c7ad8519fb292d,cece4fd572c1d25e9f9a7d045c21e8d77b25079a6f71513de0385d0d85d44835,0a71c2fdb0d3d41be261c9aecc86b87487990dbc3bfd4e6b34e79b7fbd75ab49,64bb8f6c66e70de2c9a53960cbd693447ecebaa43a258f21439bd2827e4b0f66
selection,selection-grid-seed104729,search,grid,104729,,4,0,16,O0,221.908417,222.39839791600025,ok,True,0,"221.908417
checksum=17180040496.458935
",,"[""/home/addaswsw/lab/Software_system_optimization/P1/.cache/build/9609c1e68ed382d9013072618327a16f97967408b4373f587754ab2258da0725"", ""16""]",9609c1e68ed382d9013072618327a16f97967408b4373f587754ab2258da0725,cece4fd572c1d25e9f9a7d045c21e8d77b25079a6f71513de0385d0d85d44835,0a71c2fdb0d3d41be261c9aecc86b87487990dbc3bfd4e6b34e79b7fbd75ab49,64bb8f6c66e70de2c9a53960cbd693447ecebaa43a258f21439bd2827e4b0f66
selection,selection-grid-seed104729,search,grid,104729,,5,0,16,O1,45.099396,45.57507339999938,ok,True,0,"45.099396
checksum=17180040496.458935
",,"[""/home/addaswsw/lab/Software_system_optimization/P1/.cache/build/bc6eecb4e779f6603c2c774a385b0285b0c82453db90246611833e759e3ec170"", ""16""]",bc6eecb4e779f6603c2c774a385b0285b0c82453db90246611833e759e3ec170,cece4fd572c1d25e9f9a7d045c21e8d77b25079a6f71513de0385d0d85d44835,0a71c2fdb0d3d41be261c9aecc86b87487990dbc3bfd4e6b34e79b7fbd75ab49,64bb8f6c66e70de2c9a53960cbd693447ecebaa43a258f21439bd2827e4b0f66
selection,selection-grid-seed104729,search,grid,104729,,6,0,16,O2,45.383392,45.85685043700141,ok,True,0,"45.383392
checksum=17180040496.458935
",,"[""/home/addaswsw/lab/Software_system_optimization/P1/.cache/build/6fa77b7534d39847122ae17cc2c35b7062c5b407b3fe1908eff84b871eee0a1a"", ""16""]",6fa77b7534d39847122ae17cc2c35b7062c5b407b3fe1908eff84b871eee0a1a,cece4fd572c1d25e9f9a7d045c21e8d77b25079a6f71513de0385d0d85d44835,0a71c2fdb0d3d41be261c9aecc86b87487990dbc3bfd4e6b34e79b7fbd75ab49,64bb8f6c66e70de2c9a53960cbd693447ecebaa43a258f21439bd2827e4b0f66
selection,selection-grid-seed104729,search,grid,104729,,7,0,16,O3,46.343937,46.82646315300008,ok,True,0,"46.343937
checksum=17180040496.458935
",,"[""/home/addaswsw/lab/Software_system_optimization/P1/.cache/build/4478878b0cef571f777d11b103f13023852c36d59675675f07c7ad8519fb292d"", ""16""]",4478878b0cef571f777d11b103f13023852c36d59675675f07c7ad8519fb292d,cece4fd572c1d25e9f9a7d045c21e8d77b25079a6f71513de0385d0d85d44835,0a71c2fdb0d3d41be261c9aecc86b87487990dbc3bfd4e6b34e79b7fbd75ab49,64bb8f6c66e70de2c9a53960cbd693447ecebaa43a258f21439bd2827e4b0f66
selection,confirm-selection-grid-seed104729,return_confirmation,return_confirmation,104729,,0,0,16,O1,45.371784,45.8465852900008,ok,True,0,"45.371784
checksum=17180040496.458935
",,"[""/home/addaswsw/lab/Software_system_optimization/P1/.cache/build/bc6eecb4e779f6603c2c774a385b0285b0c82453db90246611833e759e3ec170"", ""16""]",bc6eecb4e779f6603c2c774a385b0285b0c82453db90246611833e759e3ec170,cece4fd572c1d25e9f9a7d045c21e8d77b25079a6f71513de0385d0d85d44835,0a71c2fdb0d3d41be261c9aecc86b87487990dbc3bfd4e6b34e79b7fbd75ab49,64bb8f6c66e70de2c9a53960cbd693447ecebaa43a258f21439bd2827e4b0f66
selection,confirm-selection-grid-seed104729,return_confirmation,return_confirmation,104729,,0,1,16,O1,44.19418,44.66452102000039,ok,True,0,"44.194180
checksum=17180040496.458935
",,"[""/home/addaswsw/lab/Software_system_optimization/P1/.cache/build/bc6eecb4e779f6603c2c774a385b0285b0c82453db90246611833e759e3ec170"", ""16""]",bc6eecb4e779f6603c2c774a385b0285b0c82453db90246611833e759e3ec170,cece4fd572c1d25e9f9a7d045c21e8d77b25079a6f71513de0385d0d85d44835,0a71c2fdb0d3d41be261c9aecc86b87487990dbc3bfd4e6b34e79b7fbd75ab49,64bb8f6c66e70de2c9a53960cbd693447ecebaa43a258f21439bd2827e4b0f66
selection,confirm-selection-grid-seed104729,return_confirmation,return_confirmation,104729,,0,2,16,O1,44.081825,44.587181494000106,ok,True,0,"44.081825
checksum=17180040496.458935
",,"[""/home/addaswsw/lab/Software_system_optimization/P1/.cache/build/bc6eecb4e779f6603c2c774a385b0285b0c82453db90246611833e759e3ec170"", ""16""]",bc6eecb4e779f6603c2c774a385b0285b0c82453db90246611833e759e3ec170,cece4fd572c1d25e9f9a7d045c21e8d77b25079a6f71513de0385d0d85d44835,0a71c2fdb0d3d41be261c9aecc86b87487990dbc3bfd4e6b34e79b7fbd75ab49,64bb8f6c66e70de2c9a53960cbd693447ecebaa43a258f21439bd2827e4b0f66
selection,selection-random-seed104729,search,random,104729,,0,0,8,O1,77.839058,78.31538788100079,ok,True,0,"77.839058
checksum=17180040496.458935
",,"[""/home/addaswsw/lab/Software_system_optimization/P1/.cache/build/bc6eecb4e779f6603c2c774a385b0285b0c82453db90246611833e759e3ec170"", ""8""]",bc6eecb4e779f6603c2c774a385b0285b0c82453db90246611833e759e3ec170,cece4fd572c1d25e9f9a7d045c21e8d77b25079a6f71513de0385d0d85d44835,0a71c2fdb0d3d41be261c9aecc86b87487990dbc3bfd4e6b34e79b7fbd75ab49,64bb8f6c66e70de2c9a53960cbd693447ecebaa43a258f21439bd2827e4b0f66
selection,selection-random-seed104729,search,random,104729,,1,0,16,O1,43.431442,43.91624744300134,ok,True,0,"43.431442
checksum=17180040496.458935
",,"[""/home/addaswsw/lab/Software_system_optimization/P1/.cache/build/bc6eecb4e779f6603c2c774a385b0285b0c82453db90246611833e759e3ec170"", ""16""]",bc6eecb4e779f6603c2c774a385b0285b0c82453db90246611833e759e3ec170,cece4fd572c1d25e9f9a7d045c21e8d77b25079a6f71513de0385d0d85d44835,0a71c2fdb0d3d41be261c9aecc86b87487990dbc3bfd4e6b34e79b7fbd75ab49,64bb8f6c66e70de2c9a53960cbd693447ecebaa43a258f21439bd2827e4b0f66
selection,selection-random-seed104729,search,random,104729,,2,0,24,O2,45.748779,46.22272189299838,ok,True,0,"45.748779
checksum=17180040496.458935
",,"[""/home/addaswsw/lab/Software_system_optimization/P1/.cache/build/6fa77b7534d39847122ae17cc2c35b7062c5b407b3fe1908eff84b871eee0a1a"", ""24""]",6fa77b7534d39847122ae17cc2c35b7062c5b407b3fe1908eff84b871eee0a1a,cece4fd572c1d25e9f9a7d045c21e8d77b25079a6f71513de0385d0d85d44835,0a71c2fdb0d3d41be261c9aecc86b87487990dbc3bfd4e6b34e79b7fbd75ab49,64bb8f6c66e70de2c9a53960cbd693447ecebaa43a258f21439bd2827e4b0f66
selection,selection-random-seed104729,search,random,104729,,3,0,24,O0,226.135788,226.70660477599813,ok,True,0,"226.135788
checksum=17180040496.458935
",,"[""/home/addaswsw/lab/Software_system_optimization/P1/.cache/build/9609c1e68ed382d9013072618327a16f97967408b4373f587754ab2258da0725"", ""24""]",9609c1e68ed382d9013072618327a16f97967408b4373f587754ab2258da0725,cece4fd572c1d25e9f9a7d045c21e8d77b25079a6f71513de0385d0d85d44835,0a71c2fdb0d3d41be261c9aecc86b87487990dbc3bfd4e6b34e79b7fbd75ab49,64bb8f6c66e70de2c9a53960cbd693447ecebaa43a258f21439bd2827e4b0f66
selection,selection-random-seed104729,search,random,104729,,4,0,16,O3,53.87257,54.39903140200113,ok,True,0,"53.872570
checksum=17180040496.458935
",,"[""/home/addaswsw/lab/Software_system_optimization/P1/.cache/build/4478878b0cef571f777d11b103f13023852c36d59675675f07c7ad8519fb292d"", ""16""]",4478878b0cef571f777d11b103f13023852c36d59675675f07c7ad8519fb292d,cece4fd572c1d25e9f9a7d045c21e8d77b25079a6f71513de0385d0d85d44835,0a71c2fdb0d3d41be261c9aecc86b87487990dbc3bfd4e6b34e79b7fbd75ab49,64bb8f6c66e70de2c9a53960cbd693447ecebaa43a258f21439bd2827e4b0f66
selection,selection-random-seed104729,search,random,104729,,5,0,128,O3,51.970608,52.51496897499965,ok,True,0,"51.970608
checksum=17180040496.458935
",,"[""/home/addaswsw/lab/Software_system_optimization/P1/.cache/build/4478878b0cef571f777d11b103f13023852c36d59675675f07c7ad8519fb292d"", ""128""]",4478878b0cef571f777d11b103f13023852c36d59675675f07c7ad8519fb292d,cece4fd572c1d25e9f9a7d045c21e8d77b25079a6f71513de0385d0d85d44835,0a71c2fdb0d3d41be261c9aecc86b87487990dbc3bfd4e6b34e79b7fbd75ab49,64bb8f6c66e70de2c9a53960cbd693447ecebaa43a258f21439bd2827e4b0f66
selection,selection-random-seed104729,search,random,104729,,6,0,64,O0,187.364029,187.94370327900106,ok,True,0,"187.364029
checksum=17180040496.458935
",,"[""/home/addaswsw/lab/Software_system_optimization/P1/.cache/build/9609c1e68ed382d9013072618327a16f97967408b4373f587754ab2258da0725"", ""64""]",9609c1e68ed382d9013072618327a16f97967408b4373f587754ab2258da0725,cece4fd572c1d25e9f9a7d045c21e8d77b25079a6f71513de0385d0d85d44835,0a71c2fdb0d3d41be261c9aecc86b87487990dbc3bfd4e6b34e79b7fbd75ab49,64bb8f6c66e70de2c9a53960cbd693447ecebaa43a258f21439bd2827e4b0f66
selection,selection-random-seed104729,search,random,104729,,7,0,16,O0,243.153946,243.70214663599836,ok,True,0,"243.153946
checksum=17180040496.458935
",,"[""/home/addaswsw/lab/Software_system_optimization/P1/.cache/build/9609c1e68ed382d9013072618327a16f97967408b4373f587754ab2258da0725"", ""16""]",9609c1e68ed382d9013072618327a16f97967408b4373f587754ab2258da0725,cece4fd572c1d25e9f9a7d045c21e8d77b25079a6f71513de0385d0d85d44835,0a71c2fdb0d3d41be261c9aecc86b87487990dbc3bfd4e6b34e79b7fbd75ab49,64bb8f6c66e70de2c9a53960cbd693447ecebaa43a258f21439bd2827e4b0f66
selection,confirm-selection-random-seed104729,return_confirmation,return_confirmation,104729,,0,0,16,O1,48.107002,48.6565418090031,ok,True,0,"48.107002
checksum=17180040496.458935
",,"[""/home/addaswsw/lab/Software_system_optimization/P1/.cache/build/bc6eecb4e779f6603c2c774a385b0285b0c82453db90246611833e759e3ec170"", ""16""]",bc6eecb4e779f6603c2c774a385b0285b0c82453db90246611833e759e3ec170,cece4fd572c1d25e9f9a7d045c21e8d77b25079a6f71513de0385d0d85d44835,0a71c2fdb0d3d41be261c9aecc86b87487990dbc3bfd4e6b34e79b7fbd75ab49,64bb8f6c66e70de2c9a53960cbd693447ecebaa43a258f21439bd2827e4b0f66
selection,confirm-selection-random-seed104729,return_confirmation,return_confirmation,104729,,0,1,16,O1,48.896767,49.40539089400045,ok,True,0,"48.896767
checksum=17180040496.458935
",,"[""/home/addaswsw/lab/Software_system_optimization/P1/.cache/build/bc6eecb4e779f6603c2c774a385b0285b0c82453db90246611833e759e3ec170"", ""16""]",bc6eecb4e779f6603c2c774a385b0285b0c82453db90246611833e759e3ec170,cece4fd572c1d25e9f9a7d045c21e8d77b25079a6f71513de0385d0d85d44835,0a71c2fdb0d3d41be261c9aecc86b87487990dbc3bfd4e6b34e79b7fbd75ab49,64bb8f6c66e70de2c9a53960cbd693447ecebaa43a258f21439bd2827e4b0f66
selection,confirm-selection-random-seed104729,return_confirmation,return_confirmation,104729,,0,2,16,O1,50.179653,50.73583597299876,ok,True,0,"50.179653
checksum=17180040496.458935
",,"[""/home/addaswsw/lab/Software_system_optimization/P1/.cache/build/bc6eecb4e779f6603c2c774a385b0285b0c82453db90246611833e759e3ec170"", ""16""]",bc6eecb4e779f6603c2c774a385b0285b0c82453db90246611833e759e3ec170,cece4fd572c1d25e9f9a7d045c21e8d77b25079a6f71513de0385d0d85d44835,0a71c2fdb0d3d41be261c9aecc86b87487990dbc3bfd4e6b34e79b7fbd75ab49,64bb8f6c66e70de2c9a53960cbd693447ecebaa43a258f21439bd2827e4b0f66
selection,selection-greedy-seed104729,search,greedy,104729,,0,0,16,O2,46.535267,47.05662617499911,ok,True,0,"46.535267
checksum=17180040496.458935
",,"[""/home/addaswsw/lab/Software_system_optimization/P1/.cache/build/6fa77b7534d39847122ae17cc2c35b7062c5b407b3fe1908eff84b871eee0a1a"", ""16""]",6fa77b7534d39847122ae17cc2c35b7062c5b407b3fe1908eff84b871eee0a1a,cece4fd572c1d25e9f9a7d045c21e8d77b25079a6f71513de0385d0d85d44835,0a71c2fdb0d3d41be261c9aecc86b87487990dbc3bfd4e6b34e79b7fbd75ab49,64bb8f6c66e70de2c9a53960cbd693447ecebaa43a258f21439bd2827e4b0f66
selection,selection-greedy-seed104729,search,greedy,104729,,1,0,8,O2,81.483597,82.05042743800004,ok,True,0,"81.483597
checksum=17180040496.458935
",,"[""/home/addaswsw/lab/Software_system_optimization/P1/.cache/build/6fa77b7534d39847122ae17cc2c35b7062c5b407b3fe1908eff84b871eee0a1a"", ""8""]",6fa77b7534d39847122ae17cc2c35b7062c5b407b3fe1908eff84b871eee0a1a,cece4fd572c1d25e9f9a7d045c21e8d77b25079a6f71513de0385d0d85d44835,0a71c2fdb0d3d41be261c9aecc86b87487990dbc3bfd4e6b34e79b7fbd75ab49,64bb8f6c66e70de2c9a53960cbd693447ecebaa43a258f21439bd2827e4b0f66
selection,selection-greedy-seed104729,search,greedy,104729,,2,0,16,O1,49.507,49.99803745200188,ok,True,0,"49.507000
checksum=17180040496.458935
",,"[""/home/addaswsw/lab/Software_system_optimization/P1/.cache/build/bc6eecb4e779f6603c2c774a385b0285b0c82453db90246611833e759e3ec170"", ""16""]",bc6eecb4e779f6603c2c774a385b0285b0c82453db90246611833e759e3ec170,cece4fd572c1d25e9f9a7d045c21e8d77b25079a6f71513de0385d0d85d44835,0a71c2fdb0d3d41be261c9aecc86b87487990dbc3bfd4e6b34e79b7fbd75ab49,64bb8f6c66e70de2c9a53960cbd693447ecebaa43a258f21439bd2827e4b0f66
selection,selection-greedy-seed104729,search,greedy,104729,,3,0,16,O3,44.572552,45.07102815699909,ok,True,0,"44.572552
checksum=17180040496.458935
",,"[""/home/addaswsw/lab/Software_system_optimization/P1/.cache/build/4478878b0cef571f777d11b103f13023852c36d59675675f07c7ad8519fb292d"", ""16""]",4478878b0cef571f777d11b103f13023852c36d59675675f07c7ad8519fb292d,cece4fd572c1d25e9f9a7d045c21e8d77b25079a6f71513de0385d0d85d44835,0a71c2fdb0d3d41be261c9aecc86b87487990dbc3bfd4e6b34e79b7fbd75ab49,64bb8f6c66e70de2c9a53960cbd693447ecebaa43a258f21439bd2827e4b0f66
selection,selection-greedy-seed104729,search,greedy,104729,,4,0,24,O2,45.866692,46.370843447999505,ok,True,0,"45.866692
checksum=17180040496.458935
",,"[""/home/addaswsw/lab/Software_system_optimization/P1/.cache/build/6fa77b7534d39847122ae17cc2c35b7062c5b407b3fe1908eff84b871eee0a1a"", ""24""]",6fa77b7534d39847122ae17cc2c35b7062c5b407b3fe1908eff84b871eee0a1a,cece4fd572c1d25e9f9a7d045c21e8d77b25079a6f71513de0385d0d85d44835,0a71c2fdb0d3d41be261c9aecc86b87487990dbc3bfd4e6b34e79b7fbd75ab49,64bb8f6c66e70de2c9a53960cbd693447ecebaa43a258f21439bd2827e4b0f66
selection,selection-greedy-seed104729,search,greedy,104729,,5,0,8,O3,78.248672,78.72678358099802,ok,True,0,"78.248672
checksum=17180040496.458935
",,"[""/home/addaswsw/lab/Software_system_optimization/P1/.cache/build/4478878b0cef571f777d11b103f13023852c36d59675675f07c7ad8519fb292d"", ""8""]",4478878b0cef571f777d11b103f13023852c36d59675675f07c7ad8519fb292d,cece4fd572c1d25e9f9a7d045c21e8d77b25079a6f71513de0385d0d85d44835,0a71c2fdb0d3d41be261c9aecc86b87487990dbc3bfd4e6b34e79b7fbd75ab49,64bb8f6c66e70de2c9a53960cbd693447ecebaa43a258f21439bd2827e4b0f66
selection,selection-greedy-seed104729,search,greedy,104729,,6,0,24,O3,44.634254,45.11048770600246,ok,True,0,"44.634254
checksum=17180040496.458935
",,"[""/home/addaswsw/lab/Software_system_optimization/P1/.cache/build/4478878b0cef571f777d11b103f13023852c36d59675675f07c7ad8519fb292d"", ""24""]",4478878b0cef571f777d11b103f13023852c36d59675675f07c7ad8519fb292d,cece4fd572c1d25e9f9a7d045c21e8d77b25079a6f71513de0385d0d85d44835,0a71c2fdb0d3d41be261c9aecc86b87487990dbc3bfd4e6b34e79b7fbd75ab49,64bb8f6c66e70de2c9a53960cbd693447ecebaa43a258f21439bd2827e4b0f66
selection,confirm-selection-greedy-seed104729,return_confirmation,return_confirmation,104729,,0,0,16,O3,42.866344,43.36534903500069,ok,True,0,"42.866344
checksum=17180040496.458935
",,"[""/home/addaswsw/lab/Software_system_optimization/P1/.cache/build/4478878b0cef571f777d11b103f13023852c36d59675675f07c7ad8519fb292d"", ""16""]",4478878b0cef571f777d11b103f13023852c36d59675675f07c7ad8519fb292d,cece4fd572c1d25e9f9a7d045c21e8d77b25079a6f71513de0385d0d85d44835,0a71c2fdb0d3d41be261c9aecc86b87487990dbc3bfd4e6b34e79b7fbd75ab49,64bb8f6c66e70de2c9a53960cbd693447ecebaa43a258f21439bd2827e4b0f66
selection,confirm-selection-greedy-seed104729,return_confirmation,return_confirmation,104729,,0,1,16,O3,43.45359,43.92812633500216,ok,True,0,"43.453590
checksum=17180040496.458935
",,"[""/home/addaswsw/lab/Software_system_optimization/P1/.cache/build/4478878b0cef571f777d11b103f13023852c36d59675675f07c7ad8519fb292d"", ""16""]",4478878b0cef571f777d11b103f13023852c36d59675675f07c7ad8519fb292d,cece4fd572c1d25e9f9a7d045c21e8d77b25079a6f71513de0385d0d85d44835,0a71c2fdb0d3d41be261c9aecc86b87487990dbc3bfd4e6b34e79b7fbd75ab49,64bb8f6c66e70de2c9a53960cbd693447ecebaa43a258f21439bd2827e4b0f66
selection,confirm-selection-greedy-seed104729,return_confirmation,return_confirmation,104729,,0,2,16,O3,44.12265,44.59522809300324,ok,True,0,"44.122650
checksum=17180040496.458935
",,"[""/home/addaswsw/lab/Software_system_optimization/P1/.cache/build/4478878b0cef571f777d11b103f13023852c36d59675675f07c7ad8519fb292d"", ""16""]",4478878b0cef571f777d11b103f13023852c36d59675675f07c7ad8519fb292d,cece4fd572c1d25e9f9a7d045c21e8d77b25079a6f71513de0385d0d85d44835,0a71c2fdb0d3d41be261c9aecc86b87487990dbc3bfd4e6b34e79b7fbd75ab49,64bb8f6c66e70de2c9a53960cbd693447ecebaa43a258f21439bd2827e4b0f66
selection,selection-stratified-seed104729,search,stratified,104729,,0,0,24,O2,42.863201,43.34422167500088,ok,True,0,"42.863201
checksum=17180040496.458935
",,"[""/home/addaswsw/lab/Software_system_optimization/P1/.cache/build/6fa77b7534d39847122ae17cc2c35b7062c5b407b3fe1908eff84b871eee0a1a"", ""24""]",6fa77b7534d39847122ae17cc2c35b7062c5b407b3fe1908eff84b871eee0a1a,cece4fd572c1d25e9f9a7d045c21e8d77b25079a6f71513de0385d0d85d44835,0a71c2fdb0d3d41be261c9aecc86b87487990dbc3bfd4e6b34e79b7fbd75ab49,64bb8f6c66e70de2c9a53960cbd693447ecebaa43a258f21439bd2827e4b0f66
selection,selection-stratified-seed104729,search,stratified,104729,,1,0,16,O3,42.363903,42.835049370998604,ok,True,0,"42.363903
checksum=17180040496.458935
",,"[""/home/addaswsw/lab/Software_system_optimization/P1/.cache/build/4478878b0cef571f777d11b103f13023852c36d59675675f07c7ad8519fb292d"", ""16""]",4478878b0cef571f777d11b103f13023852c36d59675675f07c7ad8519fb292d,cece4fd572c1d25e9f9a7d045c21e8d77b25079a6f71513de0385d0d85d44835,0a71c2fdb0d3d41be261c9aecc86b87487990dbc3bfd4e6b34e79b7fbd75ab49,64bb8f6c66e70de2c9a53960cbd693447ecebaa43a258f21439bd2827e4b0f66
selection,selection-stratified-seed104729,search,stratified,104729,,2,0,8,O0,303.549835,304.04839752000044,ok,True,0,"303.549835
checksum=17180040496.458935
",,"[""/home/addaswsw/lab/Software_system_optimization/P1/.cache/build/9609c1e68ed382d9013072618327a16f97967408b4373f587754ab2258da0725"", ""8""]",9609c1e68ed382d9013072618327a16f97967408b4373f587754ab2258da0725,cece4fd572c1d25e9f9a7d045c21e8d77b25079a6f71513de0385d0d85d44835,0a71c2fdb0d3d41be261c9aecc86b87487990dbc3bfd4e6b34e79b7fbd75ab49,64bb8f6c66e70de2c9a53960cbd693447ecebaa43a258f21439bd2827e4b0f66
selection,selection-stratified-seed104729,search,stratified,104729,,3,0,128,O1,39.703484,40.17550694400052,ok,True,0,"39.703484
checksum=17180040496.458935
",,"[""/home/addaswsw/lab/Software_system_optimization/P1/.cache/build/bc6eecb4e779f6603c2c774a385b0285b0c82453db90246611833e759e3ec170"", ""128""]",bc6eecb4e779f6603c2c774a385b0285b0c82453db90246611833e759e3ec170,cece4fd572c1d25e9f9a7d045c21e8d77b25079a6f71513de0385d0d85d44835,0a71c2fdb0d3d41be261c9aecc86b87487990dbc3bfd4e6b34e79b7fbd75ab49,64bb8f6c66e70de2c9a53960cbd693447ecebaa43a258f21439bd2827e4b0f66
selection,selection-stratified-seed104729,search,stratified,104729,,4,0,24,O0,209.530182,210.0251265650004,ok,True,0,"209.530182
checksum=17180040496.458935
",,"[""/home/addaswsw/lab/Software_system_optimization/P1/.cache/build/9609c1e68ed382d9013072618327a16f97967408b4373f587754ab2258da0725"", ""24""]",9609c1e68ed382d9013072618327a16f97967408b4373f587754ab2258da0725,cece4fd572c1d25e9f9a7d045c21e8d77b25079a6f71513de0385d0d85d44835,0a71c2fdb0d3d41be261c9aecc86b87487990dbc3bfd4e6b34e79b7fbd75ab49,64bb8f6c66e70de2c9a53960cbd693447ecebaa43a258f21439bd2827e4b0f66
selection,selection-stratified-seed104729,search,stratified,104729,,5,0,8,O3,77.473732,77.95062144499752,ok,True,0,"77.473732
checksum=17180040496.458935
",,"[""/home/addaswsw/lab/Software_system_optimization/P1/.cache/build/4478878b0cef571f777d11b103f13023852c36d59675675f07c7ad8519fb292d"", ""8""]",4478878b0cef571f777d11b103f13023852c36d59675675f07c7ad8519fb292d,cece4fd572c1d25e9f9a7d045c21e8d77b25079a6f71513de0385d0d85d44835,0a71c2fdb0d3d41be261c9aecc86b87487990dbc3bfd4e6b34e79b7fbd75ab49,64bb8f6c66e70de2c9a53960cbd693447ecebaa43a258f21439bd2827e4b0f66
selection,selection-stratified-seed104729,search,stratified,104729,,6,0,128,O2,39.282055,39.7714477720001,ok,True,0,"39.282055
checksum=17180040496.458935
",,"[""/home/addaswsw/lab/Software_system_optimization/P1/.cache/build/6fa77b7534d39847122ae17cc2c35b7062c5b407b3fe1908eff84b871eee0a1a"", ""128""]",6fa77b7534d39847122ae17cc2c35b7062c5b407b3fe1908eff84b871eee0a1a,cece4fd572c1d25e9f9a7d045c21e8d77b25079a6f71513de0385d0d85d44835,0a71c2fdb0d3d41be261c9aecc86b87487990dbc3bfd4e6b34e79b7fbd75ab49,64bb8f6c66e70de2c9a53960cbd693447ecebaa43a258f21439bd2827e4b0f66
selection,selection-stratified-seed104729,search,stratified,104729,,7,0,24,O1,46.725788,47.20107524699779,ok,True,0,"46.725788
checksum=17180040496.458935
",,"[""/home/addaswsw/lab/Software_system_optimization/P1/.cache/build/bc6eecb4e779f6603c2c774a385b0285b0c82453db90246611833e759e3ec170"", ""24""]",bc6eecb4e779f6603c2c774a385b0285b0c82453db90246611833e759e3ec170,cece4fd572c1d25e9f9a7d045c21e8d77b25079a6f71513de0385d0d85d44835,0a71c2fdb0d3d41be261c9aecc86b87487990dbc3bfd4e6b34e79b7fbd75ab49,64bb8f6c66e70de2c9a53960cbd693447ecebaa43a258f21439bd2827e4b0f66
selection,confirm-selection-stratified-seed104729,return_confirmation,return_confirmation,104729,,0,0,128,O2,39.460499,39.95394904699788,ok,True,0,"39.460499
checksum=17180040496.458935
",,"[""/home/addaswsw/lab/Software_system_optimization/P1/.cache/build/6fa77b7534d39847122ae17cc2c35b7062c5b407b3fe1908eff84b871eee0a1a"", ""128""]",6fa77b7534d39847122ae17cc2c35b7062c5b407b3fe1908eff84b871eee0a1a,cece4fd572c1d25e9f9a7d045c21e8d77b25079a6f71513de0385d0d85d44835,0a71c2fdb0d3d41be261c9aecc86b87487990dbc3bfd4e6b34e79b7fbd75ab49,64bb8f6c66e70de2c9a53960cbd693447ecebaa43a258f21439bd2827e4b0f66
selection,confirm-selection-stratified-seed104729,return_confirmation,return_confirmation,104729,,0,1,128,O2,38.619209,39.095907736998925,ok,True,0,"38.619209
checksum=17180040496.458935
",,"[""/home/addaswsw/lab/Software_system_optimization/P1/.cache/build/6fa77b7534d39847122ae17cc2c35b7062c5b407b3fe1908eff84b871eee0a1a"", ""128""]",6fa77b7534d39847122ae17cc2c35b7062c5b407b3fe1908eff84b871eee0a1a,cece4fd572c1d25e9f9a7d045c21e8d77b25079a6f71513de0385d0d85d44835,0a71c2fdb0d3d41be261c9aecc86b87487990dbc3bfd4e6b34e79b7fbd75ab49,64bb8f6c66e70de2c9a53960cbd693447ecebaa43a258f21439bd2827e4b0f66
selection,confirm-selection-stratified-seed104729,return_confirmation,return_confirmation,104729,,0,2,128,O2,39.03072,39.50219654299872,ok,True,0,"39.030720
checksum=17180040496.458935
",,"[""/home/addaswsw/lab/Software_system_optimization/P1/.cache/build/6fa77b7534d39847122ae17cc2c35b7062c5b407b3fe1908eff84b871eee0a1a"", ""128""]",6fa77b7534d39847122ae17cc2c35b7062c5b407b3fe1908eff84b871eee0a1a,cece4fd572c1d25e9f9a7d045c21e8d77b25079a6f71513de0385d0d85d44835,0a71c2fdb0d3d41be261c9aecc86b87487990dbc3bfd4e6b34e79b7fbd75ab49,64bb8f6c66e70de2c9a53960cbd693447ecebaa43a258f21439bd2827e4b0f66
selection,selection-patience-seed104729,search,patience,104729,,0,0,8,O1,76.275101,76.74249690299985,ok,True,0,"76.275101
checksum=17180040496.458935
",,"[""/home/addaswsw/lab/Software_system_optimization/P1/.cache/build/bc6eecb4e779f6603c2c774a385b0285b0c82453db90246611833e759e3ec170"", ""8""]",bc6eecb4e779f6603c2c774a385b0285b0c82453db90246611833e759e3ec170,cece4fd572c1d25e9f9a7d045c21e8d77b25079a6f71513de0385d0d85d44835,0a71c2fdb0d3d41be261c9aecc86b87487990dbc3bfd4e6b34e79b7fbd75ab49,64bb8f6c66e70de2c9a53960cbd693447ecebaa43a258f21439bd2827e4b0f66
selection,selection-patience-seed104729,search,patience,104729,,1,0,16,O1,43.460831,43.93374179700186,ok,True,0,"43.460831
checksum=17180040496.458935
",,"[""/home/addaswsw/lab/Software_system_optimization/P1/.cache/build/bc6eecb4e779f6603c2c774a385b0285b0c82453db90246611833e759e3ec170"", ""16""]",bc6eecb4e779f6603c2c774a385b0285b0c82453db90246611833e759e3ec170,cece4fd572c1d25e9f9a7d045c21e8d77b25079a6f71513de0385d0d85d44835,0a71c2fdb0d3d41be261c9aecc86b87487990dbc3bfd4e6b34e79b7fbd75ab49,64bb8f6c66e70de2c9a53960cbd693447ecebaa43a258f21439bd2827e4b0f66
selection,selection-patience-seed104729,search,patience,104729,,2,0,24,O2,44.90358,45.37584398499894,ok,True,0,"44.903580
checksum=17180040496.458935
",,"[""/home/addaswsw/lab/Software_system_optimization/P1/.cache/build/6fa77b7534d39847122ae17cc2c35b7062c5b407b3fe1908eff84b871eee0a1a"", ""24""]",6fa77b7534d39847122ae17cc2c35b7062c5b407b3fe1908eff84b871eee0a1a,cece4fd572c1d25e9f9a7d045c21e8d77b25079a6f71513de0385d0d85d44835,0a71c2fdb0d3d41be261c9aecc86b87487990dbc3bfd4e6b34e79b7fbd75ab49,64bb8f6c66e70de2c9a53960cbd693447ecebaa43a258f21439bd2827e4b0f66
selection,selection-patience-seed104729,search,patience,104729,,3,0,24,O0,211.079819,211.61843399200006,ok,True,0,"211.079819
checksum=17180040496.458935
",,"[""/home/addaswsw/lab/Software_system_optimization/P1/.cache/build/9609c1e68ed382d9013072618327a16f97967408b4373f587754ab2258da0725"", ""24""]",9609c1e68ed382d9013072618327a16f97967408b4373f587754ab2258da0725,cece4fd572c1d25e9f9a7d045c21e8d77b25079a6f71513de0385d0d85d44835,0a71c2fdb0d3d41be261c9aecc86b87487990dbc3bfd4e6b34e79b7fbd75ab49,64bb8f6c66e70de2c9a53960cbd693447ecebaa43a258f21439bd2827e4b0f66
selection,selection-patience-seed104729,search,patience,104729,,4,0,16,O3,42.730598,43.21591358899968,ok,True,0,"42.730598
checksum=17180040496.458935
",,"[""/home/addaswsw/lab/Software_system_optimization/P1/.cache/build/4478878b0cef571f777d11b103f13023852c36d59675675f07c7ad8519fb292d"", ""16""]",4478878b0cef571f777d11b103f13023852c36d59675675f07c7ad8519fb292d,cece4fd572c1d25e9f9a7d045c21e8d77b25079a6f71513de0385d0d85d44835,0a71c2fdb0d3d41be261c9aecc86b87487990dbc3bfd4e6b34e79b7fbd75ab49,64bb8f6c66e70de2c9a53960cbd693447ecebaa43a258f21439bd2827e4b0f66
selection,confirm-selection-patience-seed104729,return_confirmation,return_confirmation,104729,,0,0,16,O3,44.105179,44.59624371400059,ok,True,0,"44.105179
checksum=17180040496.458935
",,"[""/home/addaswsw/lab/Software_system_optimization/P1/.cache/build/4478878b0cef571f777d11b103f13023852c36d59675675f07c7ad8519fb292d"", ""16""]",4478878b0cef571f777d11b103f13023852c36d59675675f07c7ad8519fb292d,cece4fd572c1d25e9f9a7d045c21e8d77b25079a6f71513de0385d0d85d44835,0a71c2fdb0d3d41be261c9aecc86b87487990dbc3bfd4e6b34e79b7fbd75ab49,64bb8f6c66e70de2c9a53960cbd693447ecebaa43a258f21439bd2827e4b0f66
selection,confirm-selection-patience-seed104729,return_confirmation,return_confirmation,104729,,0,1,16,O3,46.455654,46.95574418399701,ok,True,0,"46.455654
checksum=17180040496.458935
",,"[""/home/addaswsw/lab/Software_system_optimization/P1/.cache/build/4478878b0cef571f777d11b103f13023852c36d59675675f07c7ad8519fb292d"", ""16""]",4478878b0cef571f777d11b103f13023852c36d59675675f07c7ad8519fb292d,cece4fd572c1d25e9f9a7d045c21e8d77b25079a6f71513de0385d0d85d44835,0a71c2fdb0d3d41be261c9aecc86b87487990dbc3bfd4e6b34e79b7fbd75ab49,64bb8f6c66e70de2c9a53960cbd693447ecebaa43a258f21439bd2827e4b0f66
selection,confirm-selection-patience-seed104729,return_confirmation,return_confirmation,104729,,0,2,16,O3,46.152561,46.67519782800082,ok,True,0,"46.152561
checksum=17180040496.458935
",,"[""/home/addaswsw/lab/Software_system_optimization/P1/.cache/build/4478878b0cef571f777d11b103f13023852c36d59675675f07c7ad8519fb292d"", ""16""]",4478878b0cef571f777d11b103f13023852c36d59675675f07c7ad8519fb292d,cece4fd572c1d25e9f9a7d045c21e8d77b25079a6f71513de0385d0d85d44835,0a71c2fdb0d3d41be261c9aecc86b87487990dbc3bfd4e6b34e79b7fbd75ab49,64bb8f6c66e70de2c9a53960cbd693447ecebaa43a258f21439bd2827e4b0f66
selection,selection-greedy-seed130363,search,greedy,130363,,0,0,128,O3,38.2854,38.807681772999786,ok,True,0,"38.285400
checksum=17180040496.458935
",,"[""/home/addaswsw/lab/Software_system_optimization/P1/.cache/build/4478878b0cef571f777d11b103f13023852c36d59675675f07c7ad8519fb292d"", ""128""]",4478878b0cef571f777d11b103f13023852c36d59675675f07c7ad8519fb292d,cece4fd572c1d25e9f9a7d045c21e8d77b25079a6f71513de0385d0d85d44835,0a71c2fdb0d3d41be261c9aecc86b87487990dbc3bfd4e6b34e79b7fbd75ab49,64bb8f6c66e70de2c9a53960cbd693447ecebaa43a258f21439bd2827e4b0f66
selection,selection-greedy-seed130363,search,greedy,130363,,1,0,64,O3,40.787994,41.259874588002276,ok,True,0,"40.787994
checksum=17180040496.458935
",,"[""/home/addaswsw/lab/Software_system_optimization/P1/.cache/build/4478878b0cef571f777d11b103f13023852c36d59675675f07c7ad8519fb292d"", ""64""]",4478878b0cef571f777d11b103f13023852c36d59675675f07c7ad8519fb292d,cece4fd572c1d25e9f9a7d045c21e8d77b25079a6f71513de0385d0d85d44835,0a71c2fdb0d3d41be261c9aecc86b87487990dbc3bfd4e6b34e79b7fbd75ab49,64bb8f6c66e70de2c9a53960cbd693447ecebaa43a258f21439bd2827e4b0f66
selection,selection-greedy-seed130363,search,greedy,130363,,2,0,128,O2,38.096649,38.56835276699712,ok,True,0,"38.096649
checksum=17180040496.458935
",,"[""/home/addaswsw/lab/Software_system_optimization/P1/.cache/build/6fa77b7534d39847122ae17cc2c35b7062c5b407b3fe1908eff84b871eee0a1a"", ""128""]",6fa77b7534d39847122ae17cc2c35b7062c5b407b3fe1908eff84b871eee0a1a,cece4fd572c1d25e9f9a7d045c21e8d77b25079a6f71513de0385d0d85d44835,0a71c2fdb0d3d41be261c9aecc86b87487990dbc3bfd4e6b34e79b7fbd75ab49,64bb8f6c66e70de2c9a53960cbd693447ecebaa43a258f21439bd2827e4b0f66
selection,selection-greedy-seed130363,search,greedy,130363,,3,0,64,O2,40.337242,40.82091415799732,ok,True,0,"40.337242
checksum=17180040496.458935
",,"[""/home/addaswsw/lab/Software_system_optimization/P1/.cache/build/6fa77b7534d39847122ae17cc2c35b7062c5b407b3fe1908eff84b871eee0a1a"", ""64""]",6fa77b7534d39847122ae17cc2c35b7062c5b407b3fe1908eff84b871eee0a1a,cece4fd572c1d25e9f9a7d045c21e8d77b25079a6f71513de0385d0d85d44835,0a71c2fdb0d3d41be261c9aecc86b87487990dbc3bfd4e6b34e79b7fbd75ab49,64bb8f6c66e70de2c9a53960cbd693447ecebaa43a258f21439bd2827e4b0f66
selection,selection-greedy-seed130363,search,greedy,130363,,4,0,128,O1,37.570213,38.057723684996745,ok,True,0,"37.570213
checksum=17180040496.458935
",,"[""/home/addaswsw/lab/Software_system_optimization/P1/.cache/build/bc6eecb4e779f6603c2c774a385b0285b0c82453db90246611833e759e3ec170"", ""128""]",bc6eecb4e779f6603c2c774a385b0285b0c82453db90246611833e759e3ec170,cece4fd572c1d25e9f9a7d045c21e8d77b25079a6f71513de0385d0d85d44835,0a71c2fdb0d3d41be261c9aecc86b87487990dbc3bfd4e6b34e79b7fbd75ab49,64bb8f6c66e70de2c9a53960cbd693447ecebaa43a258f21439bd2827e4b0f66
selection,selection-greedy-seed130363,search,greedy,130363,,5,0,64,O1,39.771477,40.25557845900039,ok,True,0,"39.771477
checksum=17180040496.458935
",,"[""/home/addaswsw/lab/Software_system_optimization/P1/.cache/build/bc6eecb4e779f6603c2c774a385b0285b0c82453db90246611833e759e3ec170"", ""64""]",bc6eecb4e779f6603c2c774a385b0285b0c82453db90246611833e759e3ec170,cece4fd572c1d25e9f9a7d045c21e8d77b25079a6f71513de0385d0d85d44835,0a71c2fdb0d3d41be261c9aecc86b87487990dbc3bfd4e6b34e79b7fbd75ab49,64bb8f6c66e70de2c9a53960cbd693447ecebaa43a258f21439bd2827e4b0f66
selection,selection-greedy-seed130363,search,greedy,130363,,6,0,128,O0,170.96843,171.46371904400075,ok,True,0,"170.968430
checksum=17180040496.458935
",,"[""/home/addaswsw/lab/Software_system_optimization/P1/.cache/build/9609c1e68ed382d9013072618327a16f97967408b4373f587754ab2258da0725"", ""128""]",9609c1e68ed382d9013072618327a16f97967408b4373f587754ab2258da0725,cece4fd572c1d25e9f9a7d045c21e8d77b25079a6f71513de0385d0d85d44835,0a71c2fdb0d3d41be261c9aecc86b87487990dbc3bfd4e6b34e79b7fbd75ab49,64bb8f6c66e70de2c9a53960cbd693447ecebaa43a258f21439bd2827e4b0f66
selection,confirm-selection-greedy-seed130363,return_confirmation,return_confirmation,130363,,0,0,128,O1,40.767467,41.272030046999134,ok,True,0,"40.767467
checksum=17180040496.458935
",,"[""/home/addaswsw/lab/Software_system_optimization/P1/.cache/build/bc6eecb4e779f6603c2c774a385b0285b0c82453db90246611833e759e3ec170"", ""128""]",bc6eecb4e779f6603c2c774a385b0285b0c82453db90246611833e759e3ec170,cece4fd572c1d25e9f9a7d045c21e8d77b25079a6f71513de0385d0d85d44835,0a71c2fdb0d3d41be261c9aecc86b87487990dbc3bfd4e6b34e79b7fbd75ab49,64bb8f6c66e70de2c9a53960cbd693447ecebaa43a258f21439bd2827e4b0f66
selection,confirm-selection-greedy-seed130363,return_confirmation,return_confirmation,130363,,0,1,128,O1,38.727234,39.269966670999565,ok,True,0,"38.727234
checksum=17180040496.458935
",,"[""/home/addaswsw/lab/Software_system_optimization/P1/.cache/build/bc6eecb4e779f6603c2c774a385b0285b0c82453db90246611833e759e3ec170"", ""128""]",bc6eecb4e779f6603c2c774a385b0285b0c82453db90246611833e759e3ec170,cece4fd572c1d25e9f9a7d045c21e8d77b25079a6f71513de0385d0d85d44835,0a71c2fdb0d3d41be261c9aecc86b87487990dbc3bfd4e6b34e79b7fbd75ab49,64bb8f6c66e70de2c9a53960cbd693447ecebaa43a258f21439bd2827e4b0f66
selection,confirm-selection-greedy-seed130363,return_confirmation,return_confirmation,130363,,0,2,128,O1,39.124683,39.613988933000655,ok,True,0,"39.124683
checksum=17180040496.458935
",,"[""/home/addaswsw/lab/Software_system_optimization/P1/.cache/build/bc6eecb4e779f6603c2c774a385b0285b0c82453db90246611833e759e3ec170"", ""128""]",bc6eecb4e779f6603c2c774a385b0285b0c82453db90246611833e759e3ec170,cece4fd572c1d25e9f9a7d045c21e8d77b25079a6f71513de0385d0d85d44835,0a71c2fdb0d3d41be261c9aecc86b87487990dbc3bfd4e6b34e79b7fbd75ab49,64bb8f6c66e70de2c9a53960cbd693447ecebaa43a258f21439bd2827e4b0f66
selection,selection-stratified-seed130363,search,stratified,130363,,0,0,64,O1,39.785446,40.26793492499928,ok,True,0,"39.785446
checksum=17180040496.458935
",,"[""/home/addaswsw/lab/Software_system_optimization/P1/.cache/build/bc6eecb4e779f6603c2c774a385b0285b0c82453db90246611833e759e3ec170"", ""64""]",bc6eecb4e779f6603c2c774a385b0285b0c82453db90246611833e759e3ec170,cece4fd572c1d25e9f9a7d045c21e8d77b25079a6f71513de0385d0d85d44835,0a71c2fdb0d3d41be261c9aecc86b87487990dbc3bfd4e6b34e79b7fbd75ab49,64bb8f6c66e70de2c9a53960cbd693447ecebaa43a258f21439bd2827e4b0f66
selection,selection-stratified-seed130363,search,stratified,130363,,1,0,64,O0,178.058105,178.56318245500006,ok,True,0,"178.058105
checksum=17180040496.458935
",,"[""/home/addaswsw/lab/Software_system_optimization/P1/.cache/build/9609c1e68ed382d9013072618327a16f97967408b4373f587754ab2258da0725"", ""64""]",9609c1e68ed382d9013072618327a16f97967408b4373f587754ab2258da0725,cece4fd572c1d25e9f9a7d045c21e8d77b25079a6f71513de0385d0d85d44835,0a71c2fdb0d3d41be261c9aecc86b87487990dbc3bfd4e6b34e79b7fbd75ab49,64bb8f6c66e70de2c9a53960cbd693447ecebaa43a258f21439bd2827e4b0f66
selection,selection-stratified-seed130363,search,stratified,130363,,2,0,128,O2,35.368584,35.847897944997385,ok,True,0,"35.368584
checksum=17180040496.458935
",,"[""/home/addaswsw/lab/Software_system_optimization/P1/.cache/build/6fa77b7534d39847122ae17cc2c35b7062c5b407b3fe1908eff84b871eee0a1a"", ""128""]",6fa77b7534d39847122ae17cc2c35b7062c5b407b3fe1908eff84b871eee0a1a,cece4fd572c1d25e9f9a7d045c21e8d77b25079a6f71513de0385d0d85d44835,0a71c2fdb0d3d41be261c9aecc86b87487990dbc3bfd4e6b34e79b7fbd75ab49,64bb8f6c66e70de2c9a53960cbd693447ecebaa43a258f21439bd2827e4b0f66
selection,selection-stratified-seed130363,search,stratified,130363,,3,0,8,O3,77.553223,78.03078153200113,ok,True,0,"77.553223
checksum=17180040496.458935
",,"[""/home/addaswsw/lab/Software_system_optimization/P1/.cache/build/4478878b0cef571f777d11b103f13023852c36d59675675f07c7ad8519fb292d"", ""8""]",4478878b0cef571f777d11b103f13023852c36d59675675f07c7ad8519fb292d,cece4fd572c1d25e9f9a7d045c21e8d77b25079a6f71513de0385d0d85d44835,0a71c2fdb0d3d41be261c9aecc86b87487990dbc3bfd4e6b34e79b7fbd75ab49,64bb8f6c66e70de2c9a53960cbd693447ecebaa43a258f21439bd2827e4b0f66
selection,selection-stratified-seed130363,search,stratified,130363,,4,0,128,O1,37.596413,38.0779915460007,ok,True,0,"37.596413
checksum=17180040496.458935
",,"[""/home/addaswsw/lab/Software_system_optimization/P1/.cache/build/bc6eecb4e779f6603c2c774a385b0285b0c82453db90246611833e759e3ec170"", ""128""]",bc6eecb4e779f6603c2c774a385b0285b0c82453db90246611833e759e3ec170,cece4fd572c1d25e9f9a7d045c21e8d77b25079a6f71513de0385d0d85d44835,0a71c2fdb0d3d41be261c9aecc86b87487990dbc3bfd4e6b34e79b7fbd75ab49,64bb8f6c66e70de2c9a53960cbd693447ecebaa43a258f21439bd2827e4b0f66
selection,selection-stratified-seed130363,search,stratified,130363,,5,0,24,O3,43.967926,44.46197696799936,ok,True,0,"43.967926
checksum=17180040496.458935
",,"[""/home/addaswsw/lab/Software_system_optimization/P1/.cache/build/4478878b0cef571f777d11b103f13023852c36d59675675f07c7ad8519fb292d"", ""24""]",4478878b0cef571f777d11b103f13023852c36d59675675f07c7ad8519fb292d,cece4fd572c1d25e9f9a7d045c21e8d77b25079a6f71513de0385d0d85d44835,0a71c2fdb0d3d41be261c9aecc86b87487990dbc3bfd4e6b34e79b7fbd75ab49,64bb8f6c66e70de2c9a53960cbd693447ecebaa43a258f21439bd2827e4b0f66
selection,selection-stratified-seed130363,search,stratified,130363,,6,0,8,O0,303.39505,303.9407715849993,ok,True,0,"303.395050
checksum=17180040496.458935
",,"[""/home/addaswsw/lab/Software_system_optimization/P1/.cache/build/9609c1e68ed382d9013072618327a16f97967408b4373f587754ab2258da0725"", ""8""]",9609c1e68ed382d9013072618327a16f97967408b4373f587754ab2258da0725,cece4fd572c1d25e9f9a7d045c21e8d77b25079a6f71513de0385d0d85d44835,0a71c2fdb0d3d41be261c9aecc86b87487990dbc3bfd4e6b34e79b7fbd75ab49,64bb8f6c66e70de2c9a53960cbd693447ecebaa43a258f21439bd2827e4b0f66
selection,selection-stratified-seed130363,search,stratified,130363,,7,0,24,O2,44.638424,45.20190839799761,ok,True,0,"44.638424
checksum=17180040496.458935
",,"[""/home/addaswsw/lab/Software_system_optimization/P1/.cache/build/6fa77b7534d39847122ae17cc2c35b7062c5b407b3fe1908eff84b871eee0a1a"", ""24""]",6fa77b7534d39847122ae17cc2c35b7062c5b407b3fe1908eff84b871eee0a1a,cece4fd572c1d25e9f9a7d045c21e8d77b25079a6f71513de0385d0d85d44835,0a71c2fdb0d3d41be261c9aecc86b87487990dbc3bfd4e6b34e79b7fbd75ab49,64bb8f6c66e70de2c9a53960cbd693447ecebaa43a258f21439bd2827e4b0f66
selection,confirm-selection-stratified-seed130363,return_confirmation,return_confirmation,130363,,0,0,128,O2,36.881947,37.35970338200059,ok,True,0,"36.881947
checksum=17180040496.458935
",,"[""/home/addaswsw/lab/Software_system_optimization/P1/.cache/build/6fa77b7534d39847122ae17cc2c35b7062c5b407b3fe1908eff84b871eee0a1a"", ""128""]",6fa77b7534d39847122ae17cc2c35b7062c5b407b3fe1908eff84b871eee0a1a,cece4fd572c1d25e9f9a7d045c21e8d77b25079a6f71513de0385d0d85d44835,0a71c2fdb0d3d41be261c9aecc86b87487990dbc3bfd4e6b34e79b7fbd75ab49,64bb8f6c66e70de2c9a53960cbd693447ecebaa43a258f21439bd2827e4b0f66
selection,confirm-selection-stratified-seed130363,return_confirmation,return_confirmation,130363,,0,1,128,O2,36.110619,36.58273671800271,ok,True,0,"36.110619
checksum=17180040496.458935
",,"[""/home/addaswsw/lab/Software_system_optimization/P1/.cache/build/6fa77b7534d39847122ae17cc2c35b7062c5b407b3fe1908eff84b871eee0a1a"", ""128""]",6fa77b7534d39847122ae17cc2c35b7062c5b407b3fe1908eff84b871eee0a1a,cece4fd572c1d25e9f9a7d045c21e8d77b25079a6f71513de0385d0d85d44835,0a71c2fdb0d3d41be261c9aecc86b87487990dbc3bfd4e6b34e79b7fbd75ab49,64bb8f6c66e70de2c9a53960cbd693447ecebaa43a258f21439bd2827e4b0f66
selection,confirm-selection-stratified-seed130363,return_confirmation,return_confirmation,130363,,0,2,128,O2,36.206318,36.683028639999975,ok,True,0,"36.206318
checksum=17180040496.458935
",,"[""/home/addaswsw/lab/Software_system_optimization/P1/.cache/build/6fa77b7534d39847122ae17cc2c35b7062c5b407b3fe1908eff84b871eee0a1a"", ""128""]",6fa77b7534d39847122ae17cc2c35b7062c5b407b3fe1908eff84b871eee0a1a,cece4fd572c1d25e9f9a7d045c21e8d77b25079a6f71513de0385d0d85d44835,0a71c2fdb0d3d41be261c9aecc86b87487990dbc3bfd4e6b34e79b7fbd75ab49,64bb8f6c66e70de2c9a53960cbd693447ecebaa43a258f21439bd2827e4b0f66
selection,selection-patience-seed130363,search,patience,130363,,0,0,16,O3,42.617641,43.09322262700152,ok,True,0,"42.617641
checksum=17180040496.458935
",,"[""/home/addaswsw/lab/Software_system_optimization/P1/.cache/build/4478878b0cef571f777d11b103f13023852c36d59675675f07c7ad8519fb292d"", ""16""]",4478878b0cef571f777d11b103f13023852c36d59675675f07c7ad8519fb292d,cece4fd572c1d25e9f9a7d045c21e8d77b25079a6f71513de0385d0d85d44835,0a71c2fdb0d3d41be261c9aecc86b87487990dbc3bfd4e6b34e79b7fbd75ab49,64bb8f6c66e70de2c9a53960cbd693447ecebaa43a258f21439bd2827e4b0f66
selection,selection-patience-seed130363,search,patience,130363,,1,0,8,O0,288.784851,289.2872543980011,ok,True,0,"288.784851
checksum=17180040496.458935
",,"[""/home/addaswsw/lab/Software_system_optimization/P1/.cache/build/9609c1e68ed382d9013072618327a16f97967408b4373f587754ab2258da0725"", ""8""]",9609c1e68ed382d9013072618327a16f97967408b4373f587754ab2258da0725,cece4fd572c1d25e9f9a7d045c21e8d77b25079a6f71513de0385d0d85d44835,0a71c2fdb0d3d41be261c9aecc86b87487990dbc3bfd4e6b34e79b7fbd75ab49,64bb8f6c66e70de2c9a53960cbd693447ecebaa43a258f21439bd2827e4b0f66
selection,selection-patience-seed130363,search,patience,130363,,2,0,24,O1,44.812843,45.32621129099789,ok,True,0,"44.812843
checksum=17180040496.458935
",,"[""/home/addaswsw/lab/Software_system_optimization/P1/.cache/build/bc6eecb4e779f6603c2c774a385b0285b0c82453db90246611833e759e3ec170"", ""24""]",bc6eecb4e779f6603c2c774a385b0285b0c82453db90246611833e759e3ec170,cece4fd572c1d25e9f9a7d045c21e8d77b25079a6f71513de0385d0d85d44835,0a71c2fdb0d3d41be261c9aecc86b87487990dbc3bfd4e6b34e79b7fbd75ab49,64bb8f6c66e70de2c9a53960cbd693447ecebaa43a258f21439bd2827e4b0f66
selection,selection-patience-seed130363,search,patience,130363,,3,0,64,O2,39.912128,40.39596862700273,ok,True,0,"39.912128
checksum=17180040496.458935
",,"[""/home/addaswsw/lab/Software_system_optimization/P1/.cache/build/6fa77b7534d39847122ae17cc2c35b7062c5b407b3fe1908eff84b871eee0a1a"", ""64""]",6fa77b7534d39847122ae17cc2c35b7062c5b407b3fe1908eff84b871eee0a1a,cece4fd572c1d25e9f9a7d045c21e8d77b25079a6f71513de0385d0d85d44835,0a71c2fdb0d3d41be261c9aecc86b87487990dbc3bfd4e6b34e79b7fbd75ab49,64bb8f6c66e70de2c9a53960cbd693447ecebaa43a258f21439bd2827e4b0f66
selection,selection-patience-seed130363,search,patience,130363,,4,0,64,O3,38.860531,39.34189893500297,ok,True,0,"38.860531
checksum=17180040496.458935
",,"[""/home/addaswsw/lab/Software_system_optimization/P1/.cache/build/4478878b0cef571f777d11b103f13023852c36d59675675f07c7ad8519fb292d"", ""64""]",4478878b0cef571f777d11b103f13023852c36d59675675f07c7ad8519fb292d,cece4fd572c1d25e9f9a7d045c21e8d77b25079a6f71513de0385d0d85d44835,0a71c2fdb0d3d41be261c9aecc86b87487990dbc3bfd4e6b34e79b7fbd75ab49,64bb8f6c66e70de2c9a53960cbd693447ecebaa43a258f21439bd2827e4b0f66
selection,selection-patience-seed130363,search,patience,130363,,5,0,24,O3,42.608521,43.083632005000254,ok,True,0,"42.608521
checksum=17180040496.458935
",,"[""/home/addaswsw/lab/Software_system_optimization/P1/.cache/build/4478878b0cef571f777d11b103f13023852c36d59675675f07c7ad8519fb292d"", ""24""]",4478878b0cef571f777d11b103f13023852c36d59675675f07c7ad8519fb292d,cece4fd572c1d25e9f9a7d045c21e8d77b25079a6f71513de0385d0d85d44835,0a71c2fdb0d3d41be261c9aecc86b87487990dbc3bfd4e6b34e79b7fbd75ab49,64bb8f6c66e70de2c9a53960cbd693447ecebaa43a258f21439bd2827e4b0f66
selection,selection-patience-seed130363,search,patience,130363,,6,0,24,O2,42.942635,43.4078280620015,ok,True,0,"42.942635
checksum=17180040496.458935
",,"[""/home/addaswsw/lab/Software_system_optimization/P1/.cache/build/6fa77b7534d39847122ae17cc2c35b7062c5b407b3fe1908eff84b871eee0a1a"", ""24""]",6fa77b7534d39847122ae17cc2c35b7062c5b407b3fe1908eff84b871eee0a1a,cece4fd572c1d25e9f9a7d045c21e8d77b25079a6f71513de0385d0d85d44835,0a71c2fdb0d3d41be261c9aecc86b87487990dbc3bfd4e6b34e79b7fbd75ab49,64bb8f6c66e70de2c9a53960cbd693447ecebaa43a258f21439bd2827e4b0f66
selection,confirm-selection-patience-seed130363,return_confirmation,return_confirmation,130363,,0,0,64,O3,39.397549,39.88514181499704,ok,True,0,"39.397549
checksum=17180040496.458935
",,"[""/home/addaswsw/lab/Software_system_optimization/P1/.cache/build/4478878b0cef571f777d11b103f13023852c36d59675675f07c7ad8519fb292d"", ""64""]",4478878b0cef571f777d11b103f13023852c36d59675675f07c7ad8519fb292d,cece4fd572c1d25e9f9a7d045c21e8d77b25079a6f71513de0385d0d85d44835,0a71c2fdb0d3d41be261c9aecc86b87487990dbc3bfd4e6b34e79b7fbd75ab49,64bb8f6c66e70de2c9a53960cbd693447ecebaa43a258f21439bd2827e4b0f66
selection,confirm-selection-patience-seed130363,return_confirmation,return_confirmation,130363,,0,1,64,O3,39.563389,40.04772468599913,ok,True,0,"39.563389
checksum=17180040496.458935
",,"[""/home/addaswsw/lab/Software_system_optimization/P1/.cache/build/4478878b0cef571f777d11b103f13023852c36d59675675f07c7ad8519fb292d"", ""64""]",4478878b0cef571f777d11b103f13023852c36d59675675f07c7ad8519fb292d,cece4fd572c1d25e9f9a7d045c21e8d77b25079a6f71513de0385d0d85d44835,0a71c2fdb0d3d41be261c9aecc86b87487990dbc3bfd4e6b34e79b7fbd75ab49,64bb8f6c66e70de2c9a53960cbd693447ecebaa43a258f21439bd2827e4b0f66
selection,confirm-selection-patience-seed130363,return_confirmation,return_confirmation,130363,,0,2,64,O3,39.984917,40.48473366899998,ok,True,0,"39.984917
checksum=17180040496.458935
",,"[""/home/addaswsw/lab/Software_system_optimization/P1/.cache/build/4478878b0cef571f777d11b103f13023852c36d59675675f07c7ad8519fb292d"", ""64""]",4478878b0cef571f777d11b103f13023852c36d59675675f07c7ad8519fb292d,cece4fd572c1d25e9f9a7d045c21e8d77b25079a6f71513de0385d0d85d44835,0a71c2fdb0d3d41be261c9aecc86b87487990dbc3bfd4e6b34e79b7fbd75ab49,64bb8f6c66e70de2c9a53960cbd693447ecebaa43a258f21439bd2827e4b0f66
selection,selection-grid-seed130363,search,grid,130363,,0,0,8,O0,305.546021,306.0467010639986,ok,True,0,"305.546021
checksum=17180040496.458935
",,"[""/home/addaswsw/lab/Software_system_optimization/P1/.cache/build/9609c1e68ed382d9013072618327a16f97967408b4373f587754ab2258da0725"", ""8""]",9609c1e68ed382d9013072618327a16f97967408b4373f587754ab2258da0725,cece4fd572c1d25e9f9a7d045c21e8d77b25079a6f71513de0385d0d85d44835,0a71c2fdb0d3d41be261c9aecc86b87487990dbc3bfd4e6b34e79b7fbd75ab49,64bb8f6c66e70de2c9a53960cbd693447ecebaa43a258f21439bd2827e4b0f66
selection,selection-grid-seed130363,search,grid,130363,,1,0,8,O1,76.490021,77.00275528600105,ok,True,0,"76.490021
checksum=17180040496.458935
",,"[""/home/addaswsw/lab/Software_system_optimization/P1/.cache/build/bc6eecb4e779f6603c2c774a385b0285b0c82453db90246611833e759e3ec170"", ""8""]",bc6eecb4e779f6603c2c774a385b0285b0c82453db90246611833e759e3ec170,cece4fd572c1d25e9f9a7d045c21e8d77b25079a6f71513de0385d0d85d44835,0a71c2fdb0d3d41be261c9aecc86b87487990dbc3bfd4e6b34e79b7fbd75ab49,64bb8f6c66e70de2c9a53960cbd693447ecebaa43a258f21439bd2827e4b0f66
selection,selection-grid-seed130363,search,grid,130363,,2,0,8,O2,77.543968,78.02912083699994,ok,True,0,"77.543968
checksum=17180040496.458935
",,"[""/home/addaswsw/lab/Software_system_optimization/P1/.cache/build/6fa77b7534d39847122ae17cc2c35b7062c5b407b3fe1908eff84b871eee0a1a"", ""8""]",6fa77b7534d39847122ae17cc2c35b7062c5b407b3fe1908eff84b871eee0a1a,cece4fd572c1d25e9f9a7d045c21e8d77b25079a6f71513de0385d0d85d44835,0a71c2fdb0d3d41be261c9aecc86b87487990dbc3bfd4e6b34e79b7fbd75ab49,64bb8f6c66e70de2c9a53960cbd693447ecebaa43a258f21439bd2827e4b0f66
selection,selection-grid-seed130363,search,grid,130363,,3,0,8,O3,77.352379,77.82801685800223,ok,True,0,"77.352379
checksum=17180040496.458935
",,"[""/home/addaswsw/lab/Software_system_optimization/P1/.cache/build/4478878b0cef571f777d11b103f13023852c36d59675675f07c7ad8519fb292d"", ""8""]",4478878b0cef571f777d11b103f13023852c36d59675675f07c7ad8519fb292d,cece4fd572c1d25e9f9a7d045c21e8d77b25079a6f71513de0385d0d85d44835,0a71c2fdb0d3d41be261c9aecc86b87487990dbc3bfd4e6b34e79b7fbd75ab49,64bb8f6c66e70de2c9a53960cbd693447ecebaa43a258f21439bd2827e4b0f66
selection,selection-grid-seed130363,search,grid,130363,,4,0,16,O0,224.013168,224.54468142900078,ok,True,0,"224.013168
checksum=17180040496.458935
",,"[""/home/addaswsw/lab/Software_system_optimization/P1/.cache/build/9609c1e68ed382d9013072618327a16f97967408b4373f587754ab2258da0725"", ""16""]",9609c1e68ed382d9013072618327a16f97967408b4373f587754ab2258da0725,cece4fd572c1d25e9f9a7d045c21e8d77b25079a6f71513de0385d0d85d44835,0a71c2fdb0d3d41be261c9aecc86b87487990dbc3bfd4e6b34e79b7fbd75ab49,64bb8f6c66e70de2c9a53960cbd693447ecebaa43a258f21439bd2827e4b0f66
selection,selection-grid-seed130363,search,grid,130363,,5,0,16,O1,46.167164,46.762000811999314,ok,True,0,"46.167164
checksum=17180040496.458935
",,"[""/home/addaswsw/lab/Software_system_optimization/P1/.cache/build/bc6eecb4e779f6603c2c774a385b0285b0c82453db90246611833e759e3ec170"", ""16""]",bc6eecb4e779f6603c2c774a385b0285b0c82453db90246611833e759e3ec170,cece4fd572c1d25e9f9a7d045c21e8d77b25079a6f71513de0385d0d85d44835,0a71c2fdb0d3d41be261c9aecc86b87487990dbc3bfd4e6b34e79b7fbd75ab49,64bb8f6c66e70de2c9a53960cbd693447ecebaa43a258f21439bd2827e4b0f66
selection,selection-grid-seed130363,search,grid,130363,,6,0,16,O2,46.158268,46.64729074600109,ok,True,0,"46.158268
checksum=17180040496.458935
",,"[""/home/addaswsw/lab/Software_system_optimization/P1/.cache/build/6fa77b7534d39847122ae17cc2c35b7062c5b407b3fe1908eff84b871eee0a1a"", ""16""]",6fa77b7534d39847122ae17cc2c35b7062c5b407b3fe1908eff84b871eee0a1a,cece4fd572c1d25e9f9a7d045c21e8d77b25079a6f71513de0385d0d85d44835,0a71c2fdb0d3d41be261c9aecc86b87487990dbc3bfd4e6b34e79b7fbd75ab49,64bb8f6c66e70de2c9a53960cbd693447ecebaa43a258f21439bd2827e4b0f66
selection,selection-grid-seed130363,search,grid,130363,,7,0,16,O3,44.95208,45.47254647700174,ok,True,0,"44.952080
checksum=17180040496.458935
",,"[""/home/addaswsw/lab/Software_system_optimization/P1/.cache/build/4478878b0cef571f777d11b103f13023852c36d59675675f07c7ad8519fb292d"", ""16""]",4478878b0cef571f777d11b103f13023852c36d59675675f07c7ad8519fb292d,cece4fd572c1d25e9f9a7d045c21e8d77b25079a6f71513de0385d0d85d44835,0a71c2fdb0d3d41be261c9aecc86b87487990dbc3bfd4e6b34e79b7fbd75ab49,64bb8f6c66e70de2c9a53960cbd693447ecebaa43a258f21439bd2827e4b0f66
selection,confirm-selection-grid-seed130363,return_confirmation,return_confirmation,130363,,0,0,16,O3,44.081993,44.55959799699849,ok,True,0,"44.081993
checksum=17180040496.458935
",,"[""/home/addaswsw/lab/Software_system_optimization/P1/.cache/build/4478878b0cef571f777d11b103f13023852c36d59675675f07c7ad8519fb292d"", ""16""]",4478878b0cef571f777d11b103f13023852c36d59675675f07c7ad8519fb292d,cece4fd572c1d25e9f9a7d045c21e8d77b25079a6f71513de0385d0d85d44835,0a71c2fdb0d3d41be261c9aecc86b87487990dbc3bfd4e6b34e79b7fbd75ab49,64bb8f6c66e70de2c9a53960cbd693447ecebaa43a258f21439bd2827e4b0f66
selection,confirm-selection-grid-seed130363,return_confirmation,return_confirmation,130363,,0,1,16,O3,44.844345,45.35835731100087,ok,True,0,"44.844345
checksum=17180040496.458935
",,"[""/home/addaswsw/lab/Software_system_optimization/P1/.cache/build/4478878b0cef571f777d11b103f13023852c36d59675675f07c7ad8519fb292d"", ""16""]",4478878b0cef571f777d11b103f13023852c36d59675675f07c7ad8519fb292d,cece4fd572c1d25e9f9a7d045c21e8d77b25079a6f71513de0385d0d85d44835,0a71c2fdb0d3d41be261c9aecc86b87487990dbc3bfd4e6b34e79b7fbd75ab49,64bb8f6c66e70de2c9a53960cbd693447ecebaa43a258f21439bd2827e4b0f66
selection,confirm-selection-grid-seed130363,return_confirmation,return_confirmation,130363,,0,2,16,O3,47.708958,48.21039986799951,ok,True,0,"47.708958
checksum=17180040496.458935
",,"[""/home/addaswsw/lab/Software_system_optimization/P1/.cache/build/4478878b0cef571f777d11b103f13023852c36d59675675f07c7ad8519fb292d"", ""16""]",4478878b0cef571f777d11b103f13023852c36d59675675f07c7ad8519fb292d,cece4fd572c1d25e9f9a7d045c21e8d77b25079a6f71513de0385d0d85d44835,0a71c2fdb0d3d41be261c9aecc86b87487990dbc3bfd4e6b34e79b7fbd75ab49,64bb8f6c66e70de2c9a53960cbd693447ecebaa43a258f21439bd2827e4b0f66
selection,selection-random-seed130363,search,random,130363,,0,0,16,O3,47.134674,47.652696998000465,ok,True,0,"47.134674
checksum=17180040496.458935
",,"[""/home/addaswsw/lab/Software_system_optimization/P1/.cache/build/4478878b0cef571f777d11b103f13023852c36d59675675f07c7ad8519fb292d"", ""16""]",4478878b0cef571f777d11b103f13023852c36d59675675f07c7ad8519fb292d,cece4fd572c1d25e9f9a7d045c21e8d77b25079a6f71513de0385d0d85d44835,0a71c2fdb0d3d41be261c9aecc86b87487990dbc3bfd4e6b34e79b7fbd75ab49,64bb8f6c66e70de2c9a53960cbd693447ecebaa43a258f21439bd2827e4b0f66
selection,selection-random-seed130363,search,random,130363,,1,0,8,O0,304.507446,305.02523545000076,ok,True,0,"304.507446
checksum=17180040496.458935
",,"[""/home/addaswsw/lab/Software_system_optimization/P1/.cache/build/9609c1e68ed382d9013072618327a16f97967408b4373f587754ab2258da0725"", ""8""]",9609c1e68ed382d9013072618327a16f97967408b4373f587754ab2258da0725,cece4fd572c1d25e9f9a7d045c21e8d77b25079a6f71513de0385d0d85d44835,0a71c2fdb0d3d41be261c9aecc86b87487990dbc3bfd4e6b34e79b7fbd75ab49,64bb8f6c66e70de2c9a53960cbd693447ecebaa43a258f21439bd2827e4b0f66
selection,selection-random-seed130363,search,random,130363,,2,0,24,O1,44.502071,45.009603055998014,ok,True,0,"44.502071
checksum=17180040496.458935
",,"[""/home/addaswsw/lab/Software_system_optimization/P1/.cache/build/bc6eecb4e779f6603c2c774a385b0285b0c82453db90246611833e759e3ec170"", ""24""]",bc6eecb4e779f6603c2c774a385b0285b0c82453db90246611833e759e3ec170,cece4fd572c1d25e9f9a7d045c21e8d77b25079a6f71513de0385d0d85d44835,0a71c2fdb0d3d41be261c9aecc86b87487990dbc3bfd4e6b34e79b7fbd75ab49,64bb8f6c66e70de2c9a53960cbd693447ecebaa43a258f21439bd2827e4b0f66
selection,selection-random-seed130363,search,random,130363,,3,0,64,O2,39.231293,39.720831653998175,ok,True,0,"39.231293
checksum=17180040496.458935
",,"[""/home/addaswsw/lab/Software_system_optimization/P1/.cache/build/6fa77b7534d39847122ae17cc2c35b7062c5b407b3fe1908eff84b871eee0a1a"", ""64""]",6fa77b7534d39847122ae17cc2c35b7062c5b407b3fe1908eff84b871eee0a1a,cece4fd572c1d25e9f9a7d045c21e8d77b25079a6f71513de0385d0d85d44835,0a71c2fdb0d3d41be261c9aecc86b87487990dbc3bfd4e6b34e79b7fbd75ab49,64bb8f6c66e70de2c9a53960cbd693447ecebaa43a258f21439bd2827e4b0f66
selection,selection-random-seed130363,search,random,130363,,4,0,64,O3,37.911316,38.39199998700133,ok,True,0,"37.911316
checksum=17180040496.458935
",,"[""/home/addaswsw/lab/Software_system_optimization/P1/.cache/build/4478878b0cef571f777d11b103f13023852c36d59675675f07c7ad8519fb292d"", ""64""]",4478878b0cef571f777d11b103f13023852c36d59675675f07c7ad8519fb292d,cece4fd572c1d25e9f9a7d045c21e8d77b25079a6f71513de0385d0d85d44835,0a71c2fdb0d3d41be261c9aecc86b87487990dbc3bfd4e6b34e79b7fbd75ab49,64bb8f6c66e70de2c9a53960cbd693447ecebaa43a258f21439bd2827e4b0f66
selection,selection-random-seed130363,search,random,130363,,5,0,24,O3,42.698837,43.19135477900272,ok,True,0,"42.698837
checksum=17180040496.458935
",,"[""/home/addaswsw/lab/Software_system_optimization/P1/.cache/build/4478878b0cef571f777d11b103f13023852c36d59675675f07c7ad8519fb292d"", ""24""]",4478878b0cef571f777d11b103f13023852c36d59675675f07c7ad8519fb292d,cece4fd572c1d25e9f9a7d045c21e8d77b25079a6f71513de0385d0d85d44835,0a71c2fdb0d3d41be261c9aecc86b87487990dbc3bfd4e6b34e79b7fbd75ab49,64bb8f6c66e70de2c9a53960cbd693447ecebaa43a258f21439bd2827e4b0f66
selection,selection-random-seed130363,search,random,130363,,6,0,24,O2,41.75993,42.24513375699826,ok,True,0,"41.759930
checksum=17180040496.458935
",,"[""/home/addaswsw/lab/Software_system_optimization/P1/.cache/build/6fa77b7534d39847122ae17cc2c35b7062c5b407b3fe1908eff84b871eee0a1a"", ""24""]",6fa77b7534d39847122ae17cc2c35b7062c5b407b3fe1908eff84b871eee0a1a,cece4fd572c1d25e9f9a7d045c21e8d77b25079a6f71513de0385d0d85d44835,0a71c2fdb0d3d41be261c9aecc86b87487990dbc3bfd4e6b34e79b7fbd75ab49,64bb8f6c66e70de2c9a53960cbd693447ecebaa43a258f21439bd2827e4b0f66
selection,selection-random-seed130363,search,random,130363,,7,0,128,O2,34.116451,34.587636366999504,ok,True,0,"34.116451
checksum=17180040496.458935
",,"[""/home/addaswsw/lab/Software_system_optimization/P1/.cache/build/6fa77b7534d39847122ae17cc2c35b7062c5b407b3fe1908eff84b871eee0a1a"", ""128""]",6fa77b7534d39847122ae17cc2c35b7062c5b407b3fe1908eff84b871eee0a1a,cece4fd572c1d25e9f9a7d045c21e8d77b25079a6f71513de0385d0d85d44835,0a71c2fdb0d3d41be261c9aecc86b87487990dbc3bfd4e6b34e79b7fbd75ab49,64bb8f6c66e70de2c9a53960cbd693447ecebaa43a258f21439bd2827e4b0f66
selection,confirm-selection-random-seed130363,return_confirmation,return_confirmation,130363,,0,0,128,O2,34.045746,34.52303658600067,ok,True,0,"34.045746
checksum=17180040496.458935
",,"[""/home/addaswsw/lab/Software_system_optimization/P1/.cache/build/6fa77b7534d39847122ae17cc2c35b7062c5b407b3fe1908eff84b871eee0a1a"", ""128""]",6fa77b7534d39847122ae17cc2c35b7062c5b407b3fe1908eff84b871eee0a1a,cece4fd572c1d25e9f9a7d045c21e8d77b25079a6f71513de0385d0d85d44835,0a71c2fdb0d3d41be261c9aecc86b87487990dbc3bfd4e6b34e79b7fbd75ab49,64bb8f6c66e70de2c9a53960cbd693447ecebaa43a258f21439bd2827e4b0f66
selection,confirm-selection-random-seed130363,return_confirmation,return_confirmation,130363,,0,1,128,O2,33.191216,33.664530951002234,ok,True,0,"33.191216
checksum=17180040496.458935
",,"[""/home/addaswsw/lab/Software_system_optimization/P1/.cache/build/6fa77b7534d39847122ae17cc2c35b7062c5b407b3fe1908eff84b871eee0a1a"", ""128""]",6fa77b7534d39847122ae17cc2c35b7062c5b407b3fe1908eff84b871eee0a1a,cece4fd572c1d25e9f9a7d045c21e8d77b25079a6f71513de0385d0d85d44835,0a71c2fdb0d3d41be261c9aecc86b87487990dbc3bfd4e6b34e79b7fbd75ab49,64bb8f6c66e70de2c9a53960cbd693447ecebaa43a258f21439bd2827e4b0f66
selection,confirm-selection-random-seed130363,return_confirmation,return_confirmation,130363,,0,2,128,O2,32.673477,33.15010698599872,ok,True,0,"32.673477
checksum=17180040496.458935
",,"[""/home/addaswsw/lab/Software_system_optimization/P1/.cache/build/6fa77b7534d39847122ae17cc2c35b7062c5b407b3fe1908eff84b871eee0a1a"", ""128""]",6fa77b7534d39847122ae17cc2c35b7062c5b407b3fe1908eff84b871eee0a1a,cece4fd572c1d25e9f9a7d045c21e8d77b25079a6f71513de0385d0d85d44835,0a71c2fdb0d3d41be261c9aecc86b87487990dbc3bfd4e6b34e79b7fbd75ab49,64bb8f6c66e70de2c9a53960cbd693447ecebaa43a258f21439bd2827e4b0f66
selection,selection-patience-seed155921,search,patience,155921,,0,0,8,O2,77.574295,78.05108521000147,ok,True,0,"77.574295
checksum=17180040496.458935
",,"[""/home/addaswsw/lab/Software_system_optimization/P1/.cache/build/6fa77b7534d39847122ae17cc2c35b7062c5b407b3fe1908eff84b871eee0a1a"", ""8""]",6fa77b7534d39847122ae17cc2c35b7062c5b407b3fe1908eff84b871eee0a1a,cece4fd572c1d25e9f9a7d045c21e8d77b25079a6f71513de0385d0d85d44835,0a71c2fdb0d3d41be261c9aecc86b87487990dbc3bfd4e6b34e79b7fbd75ab49,64bb8f6c66e70de2c9a53960cbd693447ecebaa43a258f21439bd2827e4b0f66
selection,selection-patience-seed155921,search,patience,155921,,1,0,128,O3,32.697639,33.175779774002876,ok,True,0,"32.697639
checksum=17180040496.458935
",,"[""/home/addaswsw/lab/Software_system_optimization/P1/.cache/build/4478878b0cef571f777d11b103f13023852c36d59675675f07c7ad8519fb292d"", ""128""]",4478878b0cef571f777d11b103f13023852c36d59675675f07c7ad8519fb292d,cece4fd572c1d25e9f9a7d045c21e8d77b25079a6f71513de0385d0d85d44835,0a71c2fdb0d3d41be261c9aecc86b87487990dbc3bfd4e6b34e79b7fbd75ab49,64bb8f6c66e70de2c9a53960cbd693447ecebaa43a258f21439bd2827e4b0f66
selection,selection-patience-seed155921,search,patience,155921,,2,0,16,O0,211.727615,212.22636394800065,ok,True,0,"211.727615
checksum=17180040496.458935
",,"[""/home/addaswsw/lab/Software_system_optimization/P1/.cache/build/9609c1e68ed382d9013072618327a16f97967408b4373f587754ab2258da0725"", ""16""]",9609c1e68ed382d9013072618327a16f97967408b4373f587754ab2258da0725,cece4fd572c1d25e9f9a7d045c21e8d77b25079a6f71513de0385d0d85d44835,0a71c2fdb0d3d41be261c9aecc86b87487990dbc3bfd4e6b34e79b7fbd75ab49,64bb8f6c66e70de2c9a53960cbd693447ecebaa43a258f21439bd2827e4b0f66
selection,selection-patience-seed155921,search,patience,155921,,3,0,16,O1,41.560966,42.05569229399771,ok,True,0,"41.560966
checksum=17180040496.458935
",,"[""/home/addaswsw/lab/Software_system_optimization/P1/.cache/build/bc6eecb4e779f6603c2c774a385b0285b0c82453db90246611833e759e3ec170"", ""16""]",bc6eecb4e779f6603c2c774a385b0285b0c82453db90246611833e759e3ec170,cece4fd572c1d25e9f9a7d045c21e8d77b25079a6f71513de0385d0d85d44835,0a71c2fdb0d3d41be261c9aecc86b87487990dbc3bfd4e6b34e79b7fbd75ab49,64bb8f6c66e70de2c9a53960cbd693447ecebaa43a258f21439bd2827e4b0f66
selection,selection-patience-seed155921,search,patience,155921,,4,0,8,O0,302.956818,303.4813247730017,ok,True,0,"302.956818
checksum=17180040496.458935
",,"[""/home/addaswsw/lab/Software_system_optimization/P1/.cache/build/9609c1e68ed382d9013072618327a16f97967408b4373f587754ab2258da0725"", ""8""]",9609c1e68ed382d9013072618327a16f97967408b4373f587754ab2258da0725,cece4fd572c1d25e9f9a7d045c21e8d77b25079a6f71513de0385d0d85d44835,0a71c2fdb0d3d41be261c9aecc86b87487990dbc3bfd4e6b34e79b7fbd75ab49,64bb8f6c66e70de2c9a53960cbd693447ecebaa43a258f21439bd2827e4b0f66
selection,confirm-selection-patience-seed155921,return_confirmation,return_confirmation,155921,,0,0,128,O3,33.738159,34.239112499999464,ok,True,0,"33.738159
checksum=17180040496.458935
",,"[""/home/addaswsw/lab/Software_system_optimization/P1/.cache/build/4478878b0cef571f777d11b103f13023852c36d59675675f07c7ad8519fb292d"", ""128""]",4478878b0cef571f777d11b103f13023852c36d59675675f07c7ad8519fb292d,cece4fd572c1d25e9f9a7d045c21e8d77b25079a6f71513de0385d0d85d44835,0a71c2fdb0d3d41be261c9aecc86b87487990dbc3bfd4e6b34e79b7fbd75ab49,64bb8f6c66e70de2c9a53960cbd693447ecebaa43a258f21439bd2827e4b0f66
selection,confirm-selection-patience-seed155921,return_confirmation,return_confirmation,155921,,0,1,128,O3,33.396526,33.87033068800156,ok,True,0,"33.396526
checksum=17180040496.458935
",,"[""/home/addaswsw/lab/Software_system_optimization/P1/.cache/build/4478878b0cef571f777d11b103f13023852c36d59675675f07c7ad8519fb292d"", ""128""]",4478878b0cef571f777d11b103f13023852c36d59675675f07c7ad8519fb292d,cece4fd572c1d25e9f9a7d045c21e8d77b25079a6f71513de0385d0d85d44835,0a71c2fdb0d3d41be261c9aecc86b87487990dbc3bfd4e6b34e79b7fbd75ab49,64bb8f6c66e70de2c9a53960cbd693447ecebaa43a258f21439bd2827e4b0f66
selection,confirm-selection-patience-seed155921,return_confirmation,return_confirmation,155921,,0,2,128,O3,32.860996,33.336025343000074,ok,True,0,"32.860996
checksum=17180040496.458935
",,"[""/home/addaswsw/lab/Software_system_optimization/P1/.cache/build/4478878b0cef571f777d11b103f13023852c36d59675675f07c7ad8519fb292d"", ""128""]",4478878b0cef571f777d11b103f13023852c36d59675675f07c7ad8519fb292d,cece4fd572c1d25e9f9a7d045c21e8d77b25079a6f71513de0385d0d85d44835,0a71c2fdb0d3d41be261c9aecc86b87487990dbc3bfd4e6b34e79b7fbd75ab49,64bb8f6c66e70de2c9a53960cbd693447ecebaa43a258f21439bd2827e4b0f66
selection,selection-grid-seed155921,search,grid,155921,,0,0,8,O0,299.462433,299.9698034639987,ok,True,0,"299.462433
checksum=17180040496.458935
",,"[""/home/addaswsw/lab/Software_system_optimization/P1/.cache/build/9609c1e68ed382d9013072618327a16f97967408b4373f587754ab2258da0725"", ""8""]",9609c1e68ed382d9013072618327a16f97967408b4373f587754ab2258da0725,cece4fd572c1d25e9f9a7d045c21e8d77b25079a6f71513de0385d0d85d44835,0a71c2fdb0d3d41be261c9aecc86b87487990dbc3bfd4e6b34e79b7fbd75ab49,64bb8f6c66e70de2c9a53960cbd693447ecebaa43a258f21439bd2827e4b0f66
selection,selection-grid-seed155921,search,grid,155921,,1,0,8,O1,77.05732,77.5406147069989,ok,True,0,"77.057320
checksum=17180040496.458935
",,"[""/home/addaswsw/lab/Software_system_optimization/P1/.cache/build/bc6eecb4e779f6603c2c774a385b0285b0c82453db90246611833e759e3ec170"", ""8""]",bc6eecb4e779f6603c2c774a385b0285b0c82453db90246611833e759e3ec170,cece4fd572c1d25e9f9a7d045c21e8d77b25079a6f71513de0385d0d85d44835,0a71c2fdb0d3d41be261c9aecc86b87487990dbc3bfd4e6b34e79b7fbd75ab49,64bb8f6c66e70de2c9a53960cbd693447ecebaa43a258f21439bd2827e4b0f66
selection,selection-grid-seed155921,search,grid,155921,,2,0,8,O2,78.151024,78.62954457800151,ok,True,0,"78.151024
checksum=17180040496.458935
",,"[""/home/addaswsw/lab/Software_system_optimization/P1/.cache/build/6fa77b7534d39847122ae17cc2c35b7062c5b407b3fe1908eff84b871eee0a1a"", ""8""]",6fa77b7534d39847122ae17cc2c35b7062c5b407b3fe1908eff84b871eee0a1a,cece4fd572c1d25e9f9a7d045c21e8d77b25079a6f71513de0385d0d85d44835,0a71c2fdb0d3d41be261c9aecc86b87487990dbc3bfd4e6b34e79b7fbd75ab49,64bb8f6c66e70de2c9a53960cbd693447ecebaa43a258f21439bd2827e4b0f66
selection,selection-grid-seed155921,search,grid,155921,,3,0,8,O3,77.224297,77.70495070400284,ok,True,0,"77.224297
checksum=17180040496.458935
",,"[""/home/addaswsw/lab/Software_system_optimization/P1/.cache/build/4478878b0cef571f777d11b103f13023852c36d59675675f07c7ad8519fb292d"", ""8""]",4478878b0cef571f777d11b103f13023852c36d59675675f07c7ad8519fb292d,cece4fd572c1d25e9f9a7d045c21e8d77b25079a6f71513de0385d0d85d44835,0a71c2fdb0d3d41be261c9aecc86b87487990dbc3bfd4e6b34e79b7fbd75ab49,64bb8f6c66e70de2c9a53960cbd693447ecebaa43a258f21439bd2827e4b0f66
selection,selection-grid-seed155921,search,grid,155921,,4,0,16,O0,213.282074,213.78307206300087,ok,True,0,"213.282074
checksum=17180040496.458935
",,"[""/home/addaswsw/lab/Software_system_optimization/P1/.cache/build/9609c1e68ed382d9013072618327a16f97967408b4373f587754ab2258da0725"", ""16""]",9609c1e68ed382d9013072618327a16f97967408b4373f587754ab2258da0725,cece4fd572c1d25e9f9a7d045c21e8d77b25079a6f71513de0385d0d85d44835,0a71c2fdb0d3d41be261c9aecc86b87487990dbc3bfd4e6b34e79b7fbd75ab49,64bb8f6c66e70de2c9a53960cbd693447ecebaa43a258f21439bd2827e4b0f66
selection,selection-grid-seed155921,search,grid,155921,,5,0,16,O1,42.85001,43.337074963001214,ok,True,0,"42.850010
checksum=17180040496.458935
",,"[""/home/addaswsw/lab/Software_system_optimization/P1/.cache/build/bc6eecb4e779f6603c2c774a385b0285b0c82453db90246611833e759e3ec170"", ""16""]",bc6eecb4e779f6603c2c774a385b0285b0c82453db90246611833e759e3ec170,cece4fd572c1d25e9f9a7d045c21e8d77b25079a6f71513de0385d0d85d44835,0a71c2fdb0d3d41be261c9aecc86b87487990dbc3bfd4e6b34e79b7fbd75ab49,64bb8f6c66e70de2c9a53960cbd693447ecebaa43a258f21439bd2827e4b0f66
selection,selection-grid-seed155921,search,grid,155921,,6,0,16,O2,42.588326,43.08766768100031,ok,True,0,"42.588326
checksum=17180040496.458935
",,"[""/home/addaswsw/lab/Software_system_optimization/P1/.cache/build/6fa77b7534d39847122ae17cc2c35b7062c5b407b3fe1908eff84b871eee0a1a"", ""16""]",6fa77b7534d39847122ae17cc2c35b7062c5b407b3fe1908eff84b871eee0a1a,cece4fd572c1d25e9f9a7d045c21e8d77b25079a6f71513de0385d0d85d44835,0a71c2fdb0d3d41be261c9aecc86b87487990dbc3bfd4e6b34e79b7fbd75ab49,64bb8f6c66e70de2c9a53960cbd693447ecebaa43a258f21439bd2827e4b0f66
selection,selection-grid-seed155921,search,grid,155921,,7,0,16,O3,42.053825,42.544392955998774,ok,True,0,"42.053825
checksum=17180040496.458935
",,"[""/home/addaswsw/lab/Software_system_optimization/P1/.cache/build/4478878b0cef571f777d11b103f13023852c36d59675675f07c7ad8519fb292d"", ""16""]",4478878b0cef571f777d11b103f13023852c36d59675675f07c7ad8519fb292d,cece4fd572c1d25e9f9a7d045c21e8d77b25079a6f71513de0385d0d85d44835,0a71c2fdb0d3d41be261c9aecc86b87487990dbc3bfd4e6b34e79b7fbd75ab49,64bb8f6c66e70de2c9a53960cbd693447ecebaa43a258f21439bd2827e4b0f66
selection,confirm-selection-grid-seed155921,return_confirmation,return_confirmation,155921,,0,0,16,O3,43.019302,43.508075985002506,ok,True,0,"43.019302
checksum=17180040496.458935
",,"[""/home/addaswsw/lab/Software_system_optimization/P1/.cache/build/4478878b0cef571f777d11b103f13023852c36d59675675f07c7ad8519fb292d"", ""16""]",4478878b0cef571f777d11b103f13023852c36d59675675f07c7ad8519fb292d,cece4fd572c1d25e9f9a7d045c21e8d77b25079a6f71513de0385d0d85d44835,0a71c2fdb0d3d41be261c9aecc86b87487990dbc3bfd4e6b34e79b7fbd75ab49,64bb8f6c66e70de2c9a53960cbd693447ecebaa43a258f21439bd2827e4b0f66
selection,confirm-selection-grid-seed155921,return_confirmation,return_confirmation,155921,,0,1,16,O3,42.672432,43.14815450700189,ok,True,0,"42.672432
checksum=17180040496.458935
",,"[""/home/addaswsw/lab/Software_system_optimization/P1/.cache/build/4478878b0cef571f777d11b103f13023852c36d59675675f07c7ad8519fb292d"", ""16""]",4478878b0cef571f777d11b103f13023852c36d59675675f07c7ad8519fb292d,cece4fd572c1d25e9f9a7d045c21e8d77b25079a6f71513de0385d0d85d44835,0a71c2fdb0d3d41be261c9aecc86b87487990dbc3bfd4e6b34e79b7fbd75ab49,64bb8f6c66e70de2c9a53960cbd693447ecebaa43a258f21439bd2827e4b0f66
selection,confirm-selection-grid-seed155921,return_confirmation,return_confirmation,155921,,0,2,16,O3,42.040985,42.52011913399838,ok,True,0,"42.040985
checksum=17180040496.458935
",,"[""/home/addaswsw/lab/Software_system_optimization/P1/.cache/build/4478878b0cef571f777d11b103f13023852c36d59675675f07c7ad8519fb292d"", ""16""]",4478878b0cef571f777d11b103f13023852c36d59675675f07c7ad8519fb292d,cece4fd572c1d25e9f9a7d045c21e8d77b25079a6f71513de0385d0d85d44835,0a71c2fdb0d3d41be261c9aecc86b87487990dbc3bfd4e6b34e79b7fbd75ab49,64bb8f6c66e70de2c9a53960cbd693447ecebaa43a258f21439bd2827e4b0f66
selection,selection-random-seed155921,search,random,155921,,0,0,8,O2,77.856194,78.34565104799913,ok,True,0,"77.856194
checksum=17180040496.458935
",,"[""/home/addaswsw/lab/Software_system_optimization/P1/.cache/build/6fa77b7534d39847122ae17cc2c35b7062c5b407b3fe1908eff84b871eee0a1a"", ""8""]",6fa77b7534d39847122ae17cc2c35b7062c5b407b3fe1908eff84b871eee0a1a,cece4fd572c1d25e9f9a7d045c21e8d77b25079a6f71513de0385d0d85d44835,0a71c2fdb0d3d41be261c9aecc86b87487990dbc3bfd4e6b34e79b7fbd75ab49,64bb8f6c66e70de2c9a53960cbd693447ecebaa43a258f21439bd2827e4b0f66
selection,selection-random-seed155921,search,random,155921,,1,0,128,O3,32.570972,33.07533001399861,ok,True,0,"32.570972
checksum=17180040496.458935
",,"[""/home/addaswsw/lab/Software_system_optimization/P1/.cache/build/4478878b0cef571f777d11b103f13023852c36d59675675f07c7ad8519fb292d"", ""128""]",4478878b0cef571f777d11b103f13023852c36d59675675f07c7ad8519fb292d,cece4fd572c1d25e9f9a7d045c21e8d77b25079a6f71513de0385d0d85d44835,0a71c2fdb0d3d41be261c9aecc86b87487990dbc3bfd4e6b34e79b7fbd75ab49,64bb8f6c66e70de2c9a53960cbd693447ecebaa43a258f21439bd2827e4b0f66
selection,selection-random-seed155921,search,random,155921,,2,0,16,O0,213.741943,214.26805397299904,ok,True,0,"213.741943
checksum=17180040496.458935
",,"[""/home/addaswsw/lab/Software_system_optimization/P1/.cache/build/9609c1e68ed382d9013072618327a16f97967408b4373f587754ab2258da0725"", ""16""]",9609c1e68ed382d9013072618327a16f97967408b4373f587754ab2258da0725,cece4fd572c1d25e9f9a7d045c21e8d77b25079a6f71513de0385d0d85d44835,0a71c2fdb0d3d41be261c9aecc86b87487990dbc3bfd4e6b34e79b7fbd75ab49,64bb8f6c66e70de2c9a53960cbd693447ecebaa43a258f21439bd2827e4b0f66
selection,selection-random-seed155921,search,random,155921,,3,0,16,O1,42.896507,43.373777936001716,ok,True,0,"42.896507
checksum=17180040496.458935
",,"[""/home/addaswsw/lab/Software_system_optimization/P1/.cache/build/bc6eecb4e779f6603c2c774a385b0285b0c82453db90246611833e759e3ec170"", ""16""]",bc6eecb4e779f6603c2c774a385b0285b0c82453db90246611833e759e3ec170,cece4fd572c1d25e9f9a7d045c21e8d77b25079a6f71513de0385d0d85d44835,0a71c2fdb0d3d41be261c9aecc86b87487990dbc3bfd4e6b34e79b7fbd75ab49,64bb8f6c66e70de2c9a53960cbd693447ecebaa43a258f21439bd2827e4b0f66
selection,selection-random-seed155921,search,random,155921,,4,0,8,O0,300.686371,301.18315718899976,ok,True,0,"300.686371
checksum=17180040496.458935
",,"[""/home/addaswsw/lab/Software_system_optimization/P1/.cache/build/9609c1e68ed382d9013072618327a16f97967408b4373f587754ab2258da0725"", ""8""]",9609c1e68ed382d9013072618327a16f97967408b4373f587754ab2258da0725,cece4fd572c1d25e9f9a7d045c21e8d77b25079a6f71513de0385d0d85d44835,0a71c2fdb0d3d41be261c9aecc86b87487990dbc3bfd4e6b34e79b7fbd75ab49,64bb8f6c66e70de2c9a53960cbd693447ecebaa43a258f21439bd2827e4b0f66
selection,selection-random-seed155921,search,random,155921,,5,0,128,O1,33.54261,34.03132201900007,ok,True,0,"33.542610
checksum=17180040496.458935
",,"[""/home/addaswsw/lab/Software_system_optimization/P1/.cache/build/bc6eecb4e779f6603c2c774a385b0285b0c82453db90246611833e759e3ec170"", ""128""]",bc6eecb4e779f6603c2c774a385b0285b0c82453db90246611833e759e3ec170,cece4fd572c1d25e9f9a7d045c21e8d77b25079a6f71513de0385d0d85d44835,0a71c2fdb0d3d41be261c9aecc86b87487990dbc3bfd4e6b34e79b7fbd75ab49,64bb8f6c66e70de2c9a53960cbd693447ecebaa43a258f21439bd2827e4b0f66
selection,selection-random-seed155921,search,random,155921,,6,0,24,O0,208.782364,209.2828605759969,ok,True,0,"208.782364
checksum=17180040496.458935
",,"[""/home/addaswsw/lab/Software_system_optimization/P1/.cache/build/9609c1e68ed382d9013072618327a16f97967408b4373f587754ab2258da0725"", ""24""]",9609c1e68ed382d9013072618327a16f97967408b4373f587754ab2258da0725,cece4fd572c1d25e9f9a7d045c21e8d77b25079a6f71513de0385d0d85d44835,0a71c2fdb0d3d41be261c9aecc86b87487990dbc3bfd4e6b34e79b7fbd75ab49,64bb8f6c66e70de2c9a53960cbd693447ecebaa43a258f21439bd2827e4b0f66
selection,selection-random-seed155921,search,random,155921,,7,0,24,O2,43.008404,43.4917132010014,ok,True,0,"43.008404
checksum=17180040496.458935
",,"[""/home/addaswsw/lab/Software_system_optimization/P1/.cache/build/6fa77b7534d39847122ae17cc2c35b7062c5b407b3fe1908eff84b871eee0a1a"", ""24""]",6fa77b7534d39847122ae17cc2c35b7062c5b407b3fe1908eff84b871eee0a1a,cece4fd572c1d25e9f9a7d045c21e8d77b25079a6f71513de0385d0d85d44835,0a71c2fdb0d3d41be261c9aecc86b87487990dbc3bfd4e6b34e79b7fbd75ab49,64bb8f6c66e70de2c9a53960cbd693447ecebaa43a258f21439bd2827e4b0f66
selection,confirm-selection-random-seed155921,return_confirmation,return_confirmation,155921,,0,0,128,O3,32.911858,33.39665416200296,ok,True,0,"32.911858
checksum=17180040496.458935
",,"[""/home/addaswsw/lab/Software_system_optimization/P1/.cache/build/4478878b0cef571f777d11b103f13023852c36d59675675f07c7ad8519fb292d"", ""128""]",4478878b0cef571f777d11b103f13023852c36d59675675f07c7ad8519fb292d,cece4fd572c1d25e9f9a7d045c21e8d77b25079a6f71513de0385d0d85d44835,0a71c2fdb0d3d41be261c9aecc86b87487990dbc3bfd4e6b34e79b7fbd75ab49,64bb8f6c66e70de2c9a53960cbd693447ecebaa43a258f21439bd2827e4b0f66
selection,confirm-selection-random-seed155921,return_confirmation,return_confirmation,155921,,0,1,128,O3,33.261436,33.734202911000466,ok,True,0,"33.261436
checksum=17180040496.458935
",,"[""/home/addaswsw/lab/Software_system_optimization/P1/.cache/build/4478878b0cef571f777d11b103f13023852c36d59675675f07c7ad8519fb292d"", ""128""]",4478878b0cef571f777d11b103f13023852c36d59675675f07c7ad8519fb292d,cece4fd572c1d25e9f9a7d045c21e8d77b25079a6f71513de0385d0d85d44835,0a71c2fdb0d3d41be261c9aecc86b87487990dbc3bfd4e6b34e79b7fbd75ab49,64bb8f6c66e70de2c9a53960cbd693447ecebaa43a258f21439bd2827e4b0f66
selection,confirm-selection-random-seed155921,return_confirmation,return_confirmation,155921,,0,2,128,O3,32.716221,33.2054894339999,ok,True,0,"32.716221
checksum=17180040496.458935
",,"[""/home/addaswsw/lab/Software_system_optimization/P1/.cache/build/4478878b0cef571f777d11b103f13023852c36d59675675f07c7ad8519fb292d"", ""128""]",4478878b0cef571f777d11b103f13023852c36d59675675f07c7ad8519fb292d,cece4fd572c1d25e9f9a7d045c21e8d77b25079a6f71513de0385d0d85d44835,0a71c2fdb0d3d41be261c9aecc86b87487990dbc3bfd4e6b34e79b7fbd75ab49,64bb8f6c66e70de2c9a53960cbd693447ecebaa43a258f21439bd2827e4b0f66
selection,selection-greedy-seed155921,search,greedy,155921,,0,0,64,O3,38.560871,39.05702456599829,ok,True,0,"38.560871
checksum=17180040496.458935
",,"[""/home/addaswsw/lab/Software_system_optimization/P1/.cache/build/4478878b0cef571f777d11b103f13023852c36d59675675f07c7ad8519fb292d"", ""64""]",4478878b0cef571f777d11b103f13023852c36d59675675f07c7ad8519fb292d,cece4fd572c1d25e9f9a7d045c21e8d77b25079a6f71513de0385d0d85d44835,0a71c2fdb0d3d41be261c9aecc86b87487990dbc3bfd4e6b34e79b7fbd75ab49,64bb8f6c66e70de2c9a53960cbd693447ecebaa43a258f21439bd2827e4b0f66
selection,selection-greedy-seed155921,search,greedy,155921,,1,0,24,O3,43.24601,43.74395177399856,ok,True,0,"43.246010
checksum=17180040496.458935
",,"[""/home/addaswsw/lab/Software_system_optimization/P1/.cache/build/4478878b0cef571f777d11b103f13023852c36d59675675f07c7ad8519fb292d"", ""24""]",4478878b0cef571f777d11b103f13023852c36d59675675f07c7ad8519fb292d,cece4fd572c1d25e9f9a7d045c21e8d77b25079a6f71513de0385d0d85d44835,0a71c2fdb0d3d41be261c9aecc86b87487990dbc3bfd4e6b34e79b7fbd75ab49,64bb8f6c66e70de2c9a53960cbd693447ecebaa43a258f21439bd2827e4b0f66
selection,selection-greedy-seed155921,search,greedy,155921,,2,0,64,O2,38.441521,38.947234547002154,ok,True,0,"38.441521
checksum=17180040496.458935
",,"[""/home/addaswsw/lab/Software_system_optimization/P1/.cache/build/6fa77b7534d39847122ae17cc2c35b7062c5b407b3fe1908eff84b871eee0a1a"", ""64""]",6fa77b7534d39847122ae17cc2c35b7062c5b407b3fe1908eff84b871eee0a1a,cece4fd572c1d25e9f9a7d045c21e8d77b25079a6f71513de0385d0d85d44835,0a71c2fdb0d3d41be261c9aecc86b87487990dbc3bfd4e6b34e79b7fbd75ab49,64bb8f6c66e70de2c9a53960cbd693447ecebaa43a258f21439bd2827e4b0f66
selection,selection-greedy-seed155921,search,greedy,155921,,3,0,128,O3,32.670555,33.167893353002,ok,True,0,"32.670555
checksum=17180040496.458935
",,"[""/home/addaswsw/lab/Software_system_optimization/P1/.cache/build/4478878b0cef571f777d11b103f13023852c36d59675675f07c7ad8519fb292d"", ""128""]",4478878b0cef571f777d11b103f13023852c36d59675675f07c7ad8519fb292d,cece4fd572c1d25e9f9a7d045c21e8d77b25079a6f71513de0385d0d85d44835,0a71c2fdb0d3d41be261c9aecc86b87487990dbc3bfd4e6b34e79b7fbd75ab49,64bb8f6c66e70de2c9a53960cbd693447ecebaa43a258f21439bd2827e4b0f66
selection,selection-greedy-seed155921,search,greedy,155921,,4,0,128,O2,33.150223,33.637471216999984,ok,True,0,"33.150223
checksum=17180040496.458935
",,"[""/home/addaswsw/lab/Software_system_optimization/P1/.cache/build/6fa77b7534d39847122ae17cc2c35b7062c5b407b3fe1908eff84b871eee0a1a"", ""128""]",6fa77b7534d39847122ae17cc2c35b7062c5b407b3fe1908eff84b871eee0a1a,cece4fd572c1d25e9f9a7d045c21e8d77b25079a6f71513de0385d0d85d44835,0a71c2fdb0d3d41be261c9aecc86b87487990dbc3bfd4e6b34e79b7fbd75ab49,64bb8f6c66e70de2c9a53960cbd693447ecebaa43a258f21439bd2827e4b0f66
selection,confirm-selection-greedy-seed155921,return_confirmation,return_confirmation,155921,,0,0,128,O3,32.600231,33.08788280800218,ok,True,0,"32.600231
checksum=17180040496.458935
",,"[""/home/addaswsw/lab/Software_system_optimization/P1/.cache/build/4478878b0cef571f777d11b103f13023852c36d59675675f07c7ad8519fb292d"", ""128""]",4478878b0cef571f777d11b103f13023852c36d59675675f07c7ad8519fb292d,cece4fd572c1d25e9f9a7d045c21e8d77b25079a6f71513de0385d0d85d44835,0a71c2fdb0d3d41be261c9aecc86b87487990dbc3bfd4e6b34e79b7fbd75ab49,64bb8f6c66e70de2c9a53960cbd693447ecebaa43a258f21439bd2827e4b0f66
selection,confirm-selection-greedy-seed155921,return_confirmation,return_confirmation,155921,,0,1,128,O3,33.053532,33.57741841699681,ok,True,0,"33.053532
checksum=17180040496.458935
",,"[""/home/addaswsw/lab/Software_system_optimization/P1/.cache/build/4478878b0cef571f777d11b103f13023852c36d59675675f07c7ad8519fb292d"", ""128""]",4478878b0cef571f777d11b103f13023852c36d59675675f07c7ad8519fb292d,cece4fd572c1d25e9f9a7d045c21e8d77b25079a6f71513de0385d0d85d44835,0a71c2fdb0d3d41be261c9aecc86b87487990dbc3bfd4e6b34e79b7fbd75ab49,64bb8f6c66e70de2c9a53960cbd693447ecebaa43a258f21439bd2827e4b0f66
selection,confirm-selection-greedy-seed155921,return_confirmation,return_confirmation,155921,,0,2,128,O3,33.041843,33.51311956000063,ok,True,0,"33.041843
checksum=17180040496.458935
",,"[""/home/addaswsw/lab/Software_system_optimization/P1/.cache/build/4478878b0cef571f777d11b103f13023852c36d59675675f07c7ad8519fb292d"", ""128""]",4478878b0cef571f777d11b103f13023852c36d59675675f07c7ad8519fb292d,cece4fd572c1d25e9f9a7d045c21e8d77b25079a6f71513de0385d0d85d44835,0a71c2fdb0d3d41be261c9aecc86b87487990dbc3bfd4e6b34e79b7fbd75ab49,64bb8f6c66e70de2c9a53960cbd693447ecebaa43a258f21439bd2827e4b0f66
selection,selection-stratified-seed155921,search,stratified,155921,,0,0,8,O2,76.994858,77.48877233799794,ok,True,0,"76.994858
checksum=17180040496.458935
",,"[""/home/addaswsw/lab/Software_system_optimization/P1/.cache/build/6fa77b7534d39847122ae17cc2c35b7062c5b407b3fe1908eff84b871eee0a1a"", ""8""]",6fa77b7534d39847122ae17cc2c35b7062c5b407b3fe1908eff84b871eee0a1a,cece4fd572c1d25e9f9a7d045c21e8d77b25079a6f71513de0385d0d85d44835,0a71c2fdb0d3d41be261c9aecc86b87487990dbc3bfd4e6b34e79b7fbd75ab49,64bb8f6c66e70de2c9a53960cbd693447ecebaa43a258f21439bd2827e4b0f66
selection,selection-stratified-seed155921,search,stratified,155921,,1,0,8,O0,301.624725,302.1347994639982,ok,True,0,"301.624725
checksum=17180040496.458935
",,"[""/home/addaswsw/lab/Software_system_optimization/P1/.cache/build/9609c1e68ed382d9013072618327a16f97967408b4373f587754ab2258da0725"", ""8""]",9609c1e68ed382d9013072618327a16f97967408b4373f587754ab2258da0725,cece4fd572c1d25e9f9a7d045c21e8d77b25079a6f71513de0385d0d85d44835,0a71c2fdb0d3d41be261c9aecc86b87487990dbc3bfd4e6b34e79b7fbd75ab49,64bb8f6c66e70de2c9a53960cbd693447ecebaa43a258f21439bd2827e4b0f66
selection,selection-stratified-seed155921,search,stratified,155921,,2,0,24,O3,42.159637,42.65762177099896,ok,True,0,"42.159637
checksum=17180040496.458935
",,"[""/home/addaswsw/lab/Software_system_optimization/P1/.cache/build/4478878b0cef571f777d11b103f13023852c36d59675675f07c7ad8519fb292d"", ""24""]",4478878b0cef571f777d11b103f13023852c36d59675675f07c7ad8519fb292d,cece4fd572c1d25e9f9a7d045c21e8d77b25079a6f71513de0385d0d85d44835,0a71c2fdb0d3d41be261c9aecc86b87487990dbc3bfd4e6b34e79b7fbd75ab49,64bb8f6c66e70de2c9a53960cbd693447ecebaa43a258f21439bd2827e4b0f66
selection,selection-stratified-seed155921,search,stratified,155921,,3,0,128,O1,33.059967,33.543474609999976,ok,True,0,"33.059967
checksum=17180040496.458935
",,"[""/home/addaswsw/lab/Software_system_optimization/P1/.cache/build/bc6eecb4e779f6603c2c774a385b0285b0c82453db90246611833e759e3ec170"", ""128""]",bc6eecb4e779f6603c2c774a385b0285b0c82453db90246611833e759e3ec170,cece4fd572c1d25e9f9a7d045c21e8d77b25079a6f71513de0385d0d85d44835,0a71c2fdb0d3d41be261c9aecc86b87487990dbc3bfd4e6b34e79b7fbd75ab49,64bb8f6c66e70de2c9a53960cbd693447ecebaa43a258f21439bd2827e4b0f66
selection,selection-stratified-seed155921,search,stratified,155921,,4,0,16,O0,214.476532,214.97549484000047,ok,True,0,"214.476532
checksum=17180040496.458935
",,"[""/home/addaswsw/lab/Software_system_optimization/P1/.cache/build/9609c1e68ed382d9013072618327a16f97967408b4373f587754ab2258da0725"", ""16""]",9609c1e68ed382d9013072618327a16f97967408b4373f587754ab2258da0725,cece4fd572c1d25e9f9a7d045c21e8d77b25079a6f71513de0385d0d85d44835,0a71c2fdb0d3d41be261c9aecc86b87487990dbc3bfd4e6b34e79b7fbd75ab49,64bb8f6c66e70de2c9a53960cbd693447ecebaa43a258f21439bd2827e4b0f66
selection,selection-stratified-seed155921,search,stratified,155921,,5,0,16,O3,42.909042,43.40662312100176,ok,True,0,"42.909042
checksum=17180040496.458935
",,"[""/home/addaswsw/lab/Software_system_optimization/P1/.cache/build/4478878b0cef571f777d11b103f13023852c36d59675675f07c7ad8519fb292d"", ""16""]",4478878b0cef571f777d11b103f13023852c36d59675675f07c7ad8519fb292d,cece4fd572c1d25e9f9a7d045c21e8d77b25079a6f71513de0385d0d85d44835,0a71c2fdb0d3d41be261c9aecc86b87487990dbc3bfd4e6b34e79b7fbd75ab49,64bb8f6c66e70de2c9a53960cbd693447ecebaa43a258f21439bd2827e4b0f66
selection,selection-stratified-seed155921,search,stratified,155921,,6,0,128,O2,32.955601,33.44166813699849,ok,True,0,"32.955601
checksum=17180040496.458935
",,"[""/home/addaswsw/lab/Software_system_optimization/P1/.cache/build/6fa77b7534d39847122ae17cc2c35b7062c5b407b3fe1908eff84b871eee0a1a"", ""128""]",6fa77b7534d39847122ae17cc2c35b7062c5b407b3fe1908eff84b871eee0a1a,cece4fd572c1d25e9f9a7d045c21e8d77b25079a6f71513de0385d0d85d44835,0a71c2fdb0d3d41be261c9aecc86b87487990dbc3bfd4e6b34e79b7fbd75ab49,64bb8f6c66e70de2c9a53960cbd693447ecebaa43a258f21439bd2827e4b0f66
selection,selection-stratified-seed155921,search,stratified,155921,,7,0,24,O1,44.312435,44.80298455100274,ok,True,0,"44.312435
checksum=17180040496.458935
",,"[""/home/addaswsw/lab/Software_system_optimization/P1/.cache/build/bc6eecb4e779f6603c2c774a385b0285b0c82453db90246611833e759e3ec170"", ""24""]",bc6eecb4e779f6603c2c774a385b0285b0c82453db90246611833e759e3ec170,cece4fd572c1d25e9f9a7d045c21e8d77b25079a6f71513de0385d0d85d44835,0a71c2fdb0d3d41be261c9aecc86b87487990dbc3bfd4e6b34e79b7fbd75ab49,64bb8f6c66e70de2c9a53960cbd693447ecebaa43a258f21439bd2827e4b0f66
selection,confirm-selection-stratified-seed155921,return_confirmation,return_confirmation,155921,,0,0,128,O2,32.305405,32.786731637999765,ok,True,0,"32.305405
checksum=17180040496.458935
",,"[""/home/addaswsw/lab/Software_system_optimization/P1/.cache/build/6fa77b7534d39847122ae17cc2c35b7062c5b407b3fe1908eff84b871eee0a1a"", ""128""]",6fa77b7534d39847122ae17cc2c35b7062c5b407b3fe1908eff84b871eee0a1a,cece4fd572c1d25e9f9a7d045c21e8d77b25079a6f71513de0385d0d85d44835,0a71c2fdb0d3d41be261c9aecc86b87487990dbc3bfd4e6b34e79b7fbd75ab49,64bb8f6c66e70de2c9a53960cbd693447ecebaa43a258f21439bd2827e4b0f66
selection,confirm-selection-stratified-seed155921,return_confirmation,return_confirmation,155921,,0,1,128,O2,32.079102,32.561049782001646,ok,True,0,"32.079102
checksum=17180040496.458935
",,"[""/home/addaswsw/lab/Software_system_optimization/P1/.cache/build/6fa77b7534d39847122ae17cc2c35b7062c5b407b3fe1908eff84b871eee0a1a"", ""128""]",6fa77b7534d39847122ae17cc2c35b7062c5b407b3fe1908eff84b871eee0a1a,cece4fd572c1d25e9f9a7d045c21e8d77b25079a6f71513de0385d0d85d44835,0a71c2fdb0d3d41be261c9aecc86b87487990dbc3bfd4e6b34e79b7fbd75ab49,64bb8f6c66e70de2c9a53960cbd693447ecebaa43a258f21439bd2827e4b0f66
selection,confirm-selection-stratified-seed155921,return_confirmation,return_confirmation,155921,,0,2,128,O2,32.248898,32.731581953001296,ok,True,0,"32.248898
checksum=17180040496.458935
",,"[""/home/addaswsw/lab/Software_system_optimization/P1/.cache/build/6fa77b7534d39847122ae17cc2c35b7062c5b407b3fe1908eff84b871eee0a1a"", ""128""]",6fa77b7534d39847122ae17cc2c35b7062c5b407b3fe1908eff84b871eee0a1a,cece4fd572c1d25e9f9a7d045c21e8d77b25079a6f71513de0385d0d85d44835,0a71c2fdb0d3d41be261c9aecc86b87487990dbc3bfd4e6b34e79b7fbd75ab49,64bb8f6c66e70de2c9a53960cbd693447ecebaa43a258f21439bd2827e4b0f66
conflict_selection,conflict_selection-e1-r1-both,reference_conflict,reference_conflict,424243,1,0,0,128,O2,37.563213,38.17639186400265,ok,True,0,"37.563213
checksum=17180040496.458935
",,"[""/home/addaswsw/lab/Software_system_optimization/P1/.cache/build/6fa77b7534d39847122ae17cc2c35b7062c5b407b3fe1908eff84b871eee0a1a"", ""128""]",6fa77b7534d39847122ae17cc2c35b7062c5b407b3fe1908eff84b871eee0a1a,cece4fd572c1d25e9f9a7d045c21e8d77b25079a6f71513de0385d0d85d44835,0a71c2fdb0d3d41be261c9aecc86b87487990dbc3bfd4e6b34e79b7fbd75ab49,64bb8f6c66e70de2c9a53960cbd693447ecebaa43a258f21439bd2827e4b0f66
conflict_selection,conflict_selection-e1-r2-both,reference_conflict,reference_conflict,424243,2,0,0,128,O2,36.683041,37.15330261700001,ok,True,0,"36.683041
checksum=17180040496.458935
",,"[""/home/addaswsw/lab/Software_system_optimization/P1/.cache/build/6fa77b7534d39847122ae17cc2c35b7062c5b407b3fe1908eff84b871eee0a1a"", ""128""]",6fa77b7534d39847122ae17cc2c35b7062c5b407b3fe1908eff84b871eee0a1a,cece4fd572c1d25e9f9a7d045c21e8d77b25079a6f71513de0385d0d85d44835,0a71c2fdb0d3d41be261c9aecc86b87487990dbc3bfd4e6b34e79b7fbd75ab49,64bb8f6c66e70de2c9a53960cbd693447ecebaa43a258f21439bd2827e4b0f66
conflict_selection,conflict_selection-e1-r3-both,reference_conflict,reference_conflict,424243,3,0,0,128,O2,39.4361,39.894013438999536,ok,True,0,"39.436100
checksum=17180040496.458935
",,"[""/home/addaswsw/lab/Software_system_optimization/P1/.cache/build/6fa77b7534d39847122ae17cc2c35b7062c5b407b3fe1908eff84b871eee0a1a"", ""128""]",6fa77b7534d39847122ae17cc2c35b7062c5b407b3fe1908eff84b871eee0a1a,cece4fd572c1d25e9f9a7d045c21e8d77b25079a6f71513de0385d0d85d44835,0a71c2fdb0d3d41be261c9aecc86b87487990dbc3bfd4e6b34e79b7fbd75ab49,64bb8f6c66e70de2c9a53960cbd693447ecebaa43a258f21439bd2827e4b0f66
conflict_selection,conflict_selection-e2-r1-returned,reference_conflict,reference_conflict,424244,1,0,0,128,O3,40.151283,40.60967452299883,ok,True,0,"40.151283
checksum=17180040496.458935
",,"[""/home/addaswsw/lab/Software_system_optimization/P1/.cache/build/4478878b0cef571f777d11b103f13023852c36d59675675f07c7ad8519fb292d"", ""128""]",4478878b0cef571f777d11b103f13023852c36d59675675f07c7ad8519fb292d,cece4fd572c1d25e9f9a7d045c21e8d77b25079a6f71513de0385d0d85d44835,0a71c2fdb0d3d41be261c9aecc86b87487990dbc3bfd4e6b34e79b7fbd75ab49,64bb8f6c66e70de2c9a53960cbd693447ecebaa43a258f21439bd2827e4b0f66
conflict_selection,conflict_selection-e2-r1-reference,reference_conflict,reference_conflict,424244,1,0,0,128,O2,40.804188,41.266644740997435,ok,True,0,"40.804188
checksum=17180040496.458935
",,"[""/home/addaswsw/lab/Software_system_optimization/P1/.cache/build/6fa77b7534d39847122ae17cc2c35b7062c5b407b3fe1908eff84b871eee0a1a"", ""128""]",6fa77b7534d39847122ae17cc2c35b7062c5b407b3fe1908eff84b871eee0a1a,cece4fd572c1d25e9f9a7d045c21e8d77b25079a6f71513de0385d0d85d44835,0a71c2fdb0d3d41be261c9aecc86b87487990dbc3bfd4e6b34e79b7fbd75ab49,64bb8f6c66e70de2c9a53960cbd693447ecebaa43a258f21439bd2827e4b0f66
conflict_selection,conflict_selection-e2-r2-reference,reference_conflict,reference_conflict,424244,2,0,0,128,O2,41.600006,42.07440326000142,ok,True,0,"41.600006
checksum=17180040496.458935
",,"[""/home/addaswsw/lab/Software_system_optimization/P1/.cache/build/6fa77b7534d39847122ae17cc2c35b7062c5b407b3fe1908eff84b871eee0a1a"", ""128""]",6fa77b7534d39847122ae17cc2c35b7062c5b407b3fe1908eff84b871eee0a1a,cece4fd572c1d25e9f9a7d045c21e8d77b25079a6f71513de0385d0d85d44835,0a71c2fdb0d3d41be261c9aecc86b87487990dbc3bfd4e6b34e79b7fbd75ab49,64bb8f6c66e70de2c9a53960cbd693447ecebaa43a258f21439bd2827e4b0f66
conflict_selection,conflict_selection-e2-r2-returned,reference_conflict,reference_conflict,424244,2,0,0,128,O3,40.91119,41.3630167170013,ok,True,0,"40.911190
checksum=17180040496.458935
",,"[""/home/addaswsw/lab/Software_system_optimization/P1/.cache/build/4478878b0cef571f777d11b103f13023852c36d59675675f07c7ad8519fb292d"", ""128""]",4478878b0cef571f777d11b103f13023852c36d59675675f07c7ad8519fb292d,cece4fd572c1d25e9f9a7d045c21e8d77b25079a6f71513de0385d0d85d44835,0a71c2fdb0d3d41be261c9aecc86b87487990dbc3bfd4e6b34e79b7fbd75ab49,64bb8f6c66e70de2c9a53960cbd693447ecebaa43a258f21439bd2827e4b0f66
conflict_selection,conflict_selection-e2-r3-returned,reference_conflict,reference_conflict,424244,3,0,0,128,O3,40.802387,41.26723418199981,ok,True,0,"40.802387
checksum=17180040496.458935
",,"[""/home/addaswsw/lab/Software_system_optimization/P1/.cache/build/4478878b0cef571f777d11b103f13023852c36d59675675f07c7ad8519fb292d"", ""128""]",4478878b0cef571f777d11b103f13023852c36d59675675f07c7ad8519fb292d,cece4fd572c1d25e9f9a7d045c21e8d77b25079a6f71513de0385d0d85d44835,0a71c2fdb0d3d41be261c9aecc86b87487990dbc3bfd4e6b34e79b7fbd75ab49,64bb8f6c66e70de2c9a53960cbd693447ecebaa43a258f21439bd2827e4b0f66
conflict_selection,conflict_selection-e2-r3-reference,reference_conflict,reference_conflict,424244,3,0,0,128,O2,41.061607,41.516257747000054,ok,True,0,"41.061607
checksum=17180040496.458935
",,"[""/home/addaswsw/lab/Software_system_optimization/P1/.cache/build/6fa77b7534d39847122ae17cc2c35b7062c5b407b3fe1908eff84b871eee0a1a"", ""128""]",6fa77b7534d39847122ae17cc2c35b7062c5b407b3fe1908eff84b871eee0a1a,cece4fd572c1d25e9f9a7d045c21e8d77b25079a6f71513de0385d0d85d44835,0a71c2fdb0d3d41be261c9aecc86b87487990dbc3bfd4e6b34e79b7fbd75ab49,64bb8f6c66e70de2c9a53960cbd693447ecebaa43a258f21439bd2827e4b0f66
holdout,warmup-holdout,warmup,warmup,0,,0,0,128,O3,48.273178,48.84075214999757,ok,True,0,"48.273178
checksum=17180040496.458935
",,"[""/home/addaswsw/lab/Software_system_optimization/P1/.cache/build/4478878b0cef571f777d11b103f13023852c36d59675675f07c7ad8519fb292d"", ""128""]",4478878b0cef571f777d11b103f13023852c36d59675675f07c7ad8519fb292d,cece4fd572c1d25e9f9a7d045c21e8d77b25079a6f71513de0385d0d85d44835,0a71c2fdb0d3d41be261c9aecc86b87487990dbc3bfd4e6b34e79b7fbd75ab49,64bb8f6c66e70de2c9a53960cbd693447ecebaa43a258f21439bd2827e4b0f66
holdout,holdout-random-seed196613,search,random,196613,,0,0,16,O3,45.317799,45.77412654799991,ok,True,0,"45.317799
checksum=17180040496.458935
",,"[""/home/addaswsw/lab/Software_system_optimization/P1/.cache/build/4478878b0cef571f777d11b103f13023852c36d59675675f07c7ad8519fb292d"", ""16""]",4478878b0cef571f777d11b103f13023852c36d59675675f07c7ad8519fb292d,cece4fd572c1d25e9f9a7d045c21e8d77b25079a6f71513de0385d0d85d44835,0a71c2fdb0d3d41be261c9aecc86b87487990dbc3bfd4e6b34e79b7fbd75ab49,64bb8f6c66e70de2c9a53960cbd693447ecebaa43a258f21439bd2827e4b0f66
holdout,holdout-random-seed196613,search,random,196613,,1,0,128,O3,52.572399,53.04316080699937,ok,True,0,"52.572399
checksum=17180040496.458935
",,"[""/home/addaswsw/lab/Software_system_optimization/P1/.cache/build/4478878b0cef571f777d11b103f13023852c36d59675675f07c7ad8519fb292d"", ""128""]",4478878b0cef571f777d11b103f13023852c36d59675675f07c7ad8519fb292d,cece4fd572c1d25e9f9a7d045c21e8d77b25079a6f71513de0385d0d85d44835,0a71c2fdb0d3d41be261c9aecc86b87487990dbc3bfd4e6b34e79b7fbd75ab49,64bb8f6c66e70de2c9a53960cbd693447ecebaa43a258f21439bd2827e4b0f66
holdout,holdout-random-seed196613,search,random,196613,,2,0,64,O0,175.275497,175.75923472700015,ok,True,0,"175.275497
checksum=17180040496.458935
",,"[""/home/addaswsw/lab/Software_system_optimization/P1/.cache/build/9609c1e68ed382d9013072618327a16f97967408b4373f587754ab2258da0725"", ""64""]",9609c1e68ed382d9013072618327a16f97967408b4373f587754ab2258da0725,cece4fd572c1d25e9f9a7d045c21e8d77b25079a6f71513de0385d0d85d44835,0a71c2fdb0d3d41be261c9aecc86b87487990dbc3bfd4e6b34e79b7fbd75ab49,64bb8f6c66e70de2c9a53960cbd693447ecebaa43a258f21439bd2827e4b0f66
holdout,holdout-random-seed196613,search,random,196613,,3,0,8,O2,77.462257,77.96410810599991,ok,True,0,"77.462257
checksum=17180040496.458935
",,"[""/home/addaswsw/lab/Software_system_optimization/P1/.cache/build/6fa77b7534d39847122ae17cc2c35b7062c5b407b3fe1908eff84b871eee0a1a"", ""8""]",6fa77b7534d39847122ae17cc2c35b7062c5b407b3fe1908eff84b871eee0a1a,cece4fd572c1d25e9f9a7d045c21e8d77b25079a6f71513de0385d0d85d44835,0a71c2fdb0d3d41be261c9aecc86b87487990dbc3bfd4e6b34e79b7fbd75ab49,64bb8f6c66e70de2c9a53960cbd693447ecebaa43a258f21439bd2827e4b0f66
holdout,holdout-random-seed196613,search,random,196613,,4,0,8,O0,311.924042,312.4074357729987,ok,True,0,"311.924042
checksum=17180040496.458935
",,"[""/home/addaswsw/lab/Software_system_optimization/P1/.cache/build/9609c1e68ed382d9013072618327a16f97967408b4373f587754ab2258da0725"", ""8""]",9609c1e68ed382d9013072618327a16f97967408b4373f587754ab2258da0725,cece4fd572c1d25e9f9a7d045c21e8d77b25079a6f71513de0385d0d85d44835,0a71c2fdb0d3d41be261c9aecc86b87487990dbc3bfd4e6b34e79b7fbd75ab49,64bb8f6c66e70de2c9a53960cbd693447ecebaa43a258f21439bd2827e4b0f66
holdout,holdout-random-seed196613,search,random,196613,,5,0,8,O1,76.046356,76.51063810800042,ok,True,0,"76.046356
checksum=17180040496.458935
",,"[""/home/addaswsw/lab/Software_system_optimization/P1/.cache/build/bc6eecb4e779f6603c2c774a385b0285b0c82453db90246611833e759e3ec170"", ""8""]",bc6eecb4e779f6603c2c774a385b0285b0c82453db90246611833e759e3ec170,cece4fd572c1d25e9f9a7d045c21e8d77b25079a6f71513de0385d0d85d44835,0a71c2fdb0d3d41be261c9aecc86b87487990dbc3bfd4e6b34e79b7fbd75ab49,64bb8f6c66e70de2c9a53960cbd693447ecebaa43a258f21439bd2827e4b0f66
holdout,holdout-random-seed196613,search,random,196613,,6,0,16,O1,45.392941,45.849509038998804,ok,True,0,"45.392941
checksum=17180040496.458935
",,"[""/home/addaswsw/lab/Software_system_optimization/P1/.cache/build/bc6eecb4e779f6603c2c774a385b0285b0c82453db90246611833e759e3ec170"", ""16""]",bc6eecb4e779f6603c2c774a385b0285b0c82453db90246611833e759e3ec170,cece4fd572c1d25e9f9a7d045c21e8d77b25079a6f71513de0385d0d85d44835,0a71c2fdb0d3d41be261c9aecc86b87487990dbc3bfd4e6b34e79b7fbd75ab49,64bb8f6c66e70de2c9a53960cbd693447ecebaa43a258f21439bd2827e4b0f66
holdout,holdout-random-seed196613,search,random,196613,,7,0,8,O3,76.80542,77.26180871100223,ok,True,0,"76.805420
checksum=17180040496.458935
",,"[""/home/addaswsw/lab/Software_system_optimization/P1/.cache/build/4478878b0cef571f777d11b103f13023852c36d59675675f07c7ad8519fb292d"", ""8""]",4478878b0cef571f777d11b103f13023852c36d59675675f07c7ad8519fb292d,cece4fd572c1d25e9f9a7d045c21e8d77b25079a6f71513de0385d0d85d44835,0a71c2fdb0d3d41be261c9aecc86b87487990dbc3bfd4e6b34e79b7fbd75ab49,64bb8f6c66e70de2c9a53960cbd693447ecebaa43a258f21439bd2827e4b0f66
holdout,confirm-holdout-random-seed196613,return_confirmation,return_confirmation,196613,,0,0,16,O3,43.493999,43.9546168779998,ok,True,0,"43.493999
checksum=17180040496.458935
",,"[""/home/addaswsw/lab/Software_system_optimization/P1/.cache/build/4478878b0cef571f777d11b103f13023852c36d59675675f07c7ad8519fb292d"", ""16""]",4478878b0cef571f777d11b103f13023852c36d59675675f07c7ad8519fb292d,cece4fd572c1d25e9f9a7d045c21e8d77b25079a6f71513de0385d0d85d44835,0a71c2fdb0d3d41be261c9aecc86b87487990dbc3bfd4e6b34e79b7fbd75ab49,64bb8f6c66e70de2c9a53960cbd693447ecebaa43a258f21439bd2827e4b0f66
holdout,confirm-holdout-random-seed196613,return_confirmation,return_confirmation,196613,,0,1,16,O3,44.634007,45.090526522999426,ok,True,0,"44.634007
checksum=17180040496.458935
",,"[""/home/addaswsw/lab/Software_system_optimization/P1/.cache/build/4478878b0cef571f777d11b103f13023852c36d59675675f07c7ad8519fb292d"", ""16""]",4478878b0cef571f777d11b103f13023852c36d59675675f07c7ad8519fb292d,cece4fd572c1d25e9f9a7d045c21e8d77b25079a6f71513de0385d0d85d44835,0a71c2fdb0d3d41be261c9aecc86b87487990dbc3bfd4e6b34e79b7fbd75ab49,64bb8f6c66e70de2c9a53960cbd693447ecebaa43a258f21439bd2827e4b0f66
holdout,confirm-holdout-random-seed196613,return_confirmation,return_confirmation,196613,,0,2,16,O3,44.424389,44.88790181100194,ok,True,0,"44.424389
checksum=17180040496.458935
",,"[""/home/addaswsw/lab/Software_system_optimization/P1/.cache/build/4478878b0cef571f777d11b103f13023852c36d59675675f07c7ad8519fb292d"", ""16""]",4478878b0cef571f777d11b103f13023852c36d59675675f07c7ad8519fb292d,cece4fd572c1d25e9f9a7d045c21e8d77b25079a6f71513de0385d0d85d44835,0a71c2fdb0d3d41be261c9aecc86b87487990dbc3bfd4e6b34e79b7fbd75ab49,64bb8f6c66e70de2c9a53960cbd693447ecebaa43a258f21439bd2827e4b0f66
holdout,holdout-random-seed229939,search,random,229939,,0,0,16,O1,44.719761,45.19121849899966,ok,True,0,"44.719761
checksum=17180040496.458935
",,"[""/home/addaswsw/lab/Software_system_optimization/P1/.cache/build/bc6eecb4e779f6603c2c774a385b0285b0c82453db90246611833e759e3ec170"", ""16""]",bc6eecb4e779f6603c2c774a385b0285b0c82453db90246611833e759e3ec170,cece4fd572c1d25e9f9a7d045c21e8d77b25079a6f71513de0385d0d85d44835,0a71c2fdb0d3d41be261c9aecc86b87487990dbc3bfd4e6b34e79b7fbd75ab49,64bb8f6c66e70de2c9a53960cbd693447ecebaa43a258f21439bd2827e4b0f66
holdout,holdout-random-seed229939,search,random,229939,,1,0,24,O2,43.318275,43.79695301500033,ok,True,0,"43.318275
checksum=17180040496.458935
",,"[""/home/addaswsw/lab/Software_system_optimization/P1/.cache/build/6fa77b7534d39847122ae17cc2c35b7062c5b407b3fe1908eff84b871eee0a1a"", ""24""]",6fa77b7534d39847122ae17cc2c35b7062c5b407b3fe1908eff84b871eee0a1a,cece4fd572c1d25e9f9a7d045c21e8d77b25079a6f71513de0385d0d85d44835,0a71c2fdb0d3d41be261c9aecc86b87487990dbc3bfd4e6b34e79b7fbd75ab49,64bb8f6c66e70de2c9a53960cbd693447ecebaa43a258f21439bd2827e4b0f66
holdout,holdout-random-seed229939,search,random,229939,,2,0,64,O0,178.065872,178.57354596699952,ok,True,0,"178.065872
checksum=17180040496.458935
",,"[""/home/addaswsw/lab/Software_system_optimization/P1/.cache/build/9609c1e68ed382d9013072618327a16f97967408b4373f587754ab2258da0725"", ""64""]",9609c1e68ed382d9013072618327a16f97967408b4373f587754ab2258da0725,cece4fd572c1d25e9f9a7d045c21e8d77b25079a6f71513de0385d0d85d44835,0a71c2fdb0d3d41be261c9aecc86b87487990dbc3bfd4e6b34e79b7fbd75ab49,64bb8f6c66e70de2c9a53960cbd693447ecebaa43a258f21439bd2827e4b0f66
holdout,holdout-random-seed229939,search,random,229939,,3,0,24,O3,44.425419,44.88110376599798,ok,True,0,"44.425419
checksum=17180040496.458935
",,"[""/home/addaswsw/lab/Software_system_optimization/P1/.cache/build/4478878b0cef571f777d11b103f13023852c36d59675675f07c7ad8519fb292d"", ""24""]",4478878b0cef571f777d11b103f13023852c36d59675675f07c7ad8519fb292d,cece4fd572c1d25e9f9a7d045c21e8d77b25079a6f71513de0385d0d85d44835,0a71c2fdb0d3d41be261c9aecc86b87487990dbc3bfd4e6b34e79b7fbd75ab49,64bb8f6c66e70de2c9a53960cbd693447ecebaa43a258f21439bd2827e4b0f66
holdout,holdout-random-seed229939,search,random,229939,,4,0,128,O1,46.235275,46.70949197200025,ok,True,0,"46.235275
checksum=17180040496.458935
",,"[""/home/addaswsw/lab/Software_system_optimization/P1/.cache/build/bc6eecb4e779f6603c2c774a385b0285b0c82453db90246611833e759e3ec170"", ""128""]",bc6eecb4e779f6603c2c774a385b0285b0c82453db90246611833e759e3ec170,cece4fd572c1d25e9f9a7d045c21e8d77b25079a6f71513de0385d0d85d44835,0a71c2fdb0d3d41be261c9aecc86b87487990dbc3bfd4e6b34e79b7fbd75ab49,64bb8f6c66e70de2c9a53960cbd693447ecebaa43a258f21439bd2827e4b0f66
holdout,holdout-random-seed229939,search,random,229939,,5,0,64,O2,42.265266,42.72768108400123,ok,True,0,"42.265266
checksum=17180040496.458935
",,"[""/home/addaswsw/lab/Software_system_optimization/P1/.cache/build/6fa77b7534d39847122ae17cc2c35b7062c5b407b3fe1908eff84b871eee0a1a"", ""64""]",6fa77b7534d39847122ae17cc2c35b7062c5b407b3fe1908eff84b871eee0a1a,cece4fd572c1d25e9f9a7d045c21e8d77b25079a6f71513de0385d0d85d44835,0a71c2fdb0d3d41be261c9aecc86b87487990dbc3bfd4e6b34e79b7fbd75ab49,64bb8f6c66e70de2c9a53960cbd693447ecebaa43a258f21439bd2827e4b0f66
holdout,holdout-random-seed229939,search,random,229939,,6,0,16,O2,44.510887,45.00812643599784,ok,True,0,"44.510887
checksum=17180040496.458935
",,"[""/home/addaswsw/lab/Software_system_optimization/P1/.cache/build/6fa77b7534d39847122ae17cc2c35b7062c5b407b3fe1908eff84b871eee0a1a"", ""16""]",6fa77b7534d39847122ae17cc2c35b7062c5b407b3fe1908eff84b871eee0a1a,cece4fd572c1d25e9f9a7d045c21e8d77b25079a6f71513de0385d0d85d44835,0a71c2fdb0d3d41be261c9aecc86b87487990dbc3bfd4e6b34e79b7fbd75ab49,64bb8f6c66e70de2c9a53960cbd693447ecebaa43a258f21439bd2827e4b0f66
holdout,holdout-random-seed229939,search,random,229939,,7,0,64,O3,41.704674,42.16663812900151,ok,True,0,"41.704674
checksum=17180040496.458935
",,"[""/home/addaswsw/lab/Software_system_optimization/P1/.cache/build/4478878b0cef571f777d11b103f13023852c36d59675675f07c7ad8519fb292d"", ""64""]",4478878b0cef571f777d11b103f13023852c36d59675675f07c7ad8519fb292d,cece4fd572c1d25e9f9a7d045c21e8d77b25079a6f71513de0385d0d85d44835,0a71c2fdb0d3d41be261c9aecc86b87487990dbc3bfd4e6b34e79b7fbd75ab49,64bb8f6c66e70de2c9a53960cbd693447ecebaa43a258f21439bd2827e4b0f66
holdout,confirm-holdout-random-seed229939,return_confirmation,return_confirmation,229939,,0,0,64,O3,42.496933,42.95477522600049,ok,True,0,"42.496933
checksum=17180040496.458935
",,"[""/home/addaswsw/lab/Software_system_optimization/P1/.cache/build/4478878b0cef571f777d11b103f13023852c36d59675675f07c7ad8519fb292d"", ""64""]",4478878b0cef571f777d11b103f13023852c36d59675675f07c7ad8519fb292d,cece4fd572c1d25e9f9a7d045c21e8d77b25079a6f71513de0385d0d85d44835,0a71c2fdb0d3d41be261c9aecc86b87487990dbc3bfd4e6b34e79b7fbd75ab49,64bb8f6c66e70de2c9a53960cbd693447ecebaa43a258f21439bd2827e4b0f66
holdout,confirm-holdout-random-seed229939,return_confirmation,return_confirmation,229939,,0,1,64,O3,41.582001,42.04243913499886,ok,True,0,"41.582001
checksum=17180040496.458935
",,"[""/home/addaswsw/lab/Software_system_optimization/P1/.cache/build/4478878b0cef571f777d11b103f13023852c36d59675675f07c7ad8519fb292d"", ""64""]",4478878b0cef571f777d11b103f13023852c36d59675675f07c7ad8519fb292d,cece4fd572c1d25e9f9a7d045c21e8d77b25079a6f71513de0385d0d85d44835,0a71c2fdb0d3d41be261c9aecc86b87487990dbc3bfd4e6b34e79b7fbd75ab49,64bb8f6c66e70de2c9a53960cbd693447ecebaa43a258f21439bd2827e4b0f66
holdout,confirm-holdout-random-seed229939,return_confirmation,return_confirmation,229939,,0,2,64,O3,43.278969,43.749561861000984,ok,True,0,"43.278969
checksum=17180040496.458935
",,"[""/home/addaswsw/lab/Software_system_optimization/P1/.cache/build/4478878b0cef571f777d11b103f13023852c36d59675675f07c7ad8519fb292d"", ""64""]",4478878b0cef571f777d11b103f13023852c36d59675675f07c7ad8519fb292d,cece4fd572c1d25e9f9a7d045c21e8d77b25079a6f71513de0385d0d85d44835,0a71c2fdb0d3d41be261c9aecc86b87487990dbc3bfd4e6b34e79b7fbd75ab49,64bb8f6c66e70de2c9a53960cbd693447ecebaa43a258f21439bd2827e4b0f66
holdout,holdout-random-seed262147,search,random,262147,,0,0,16,O3,42.843807,43.374050630001875,ok,True,0,"42.843807
checksum=17180040496.458935
",,"[""/home/addaswsw/lab/Software_system_optimization/P1/.cache/build/4478878b0cef571f777d11b103f13023852c36d59675675f07c7ad8519fb292d"", ""16""]",4478878b0cef571f777d11b103f13023852c36d59675675f07c7ad8519fb292d,cece4fd572c1d25e9f9a7d045c21e8d77b25079a6f71513de0385d0d85d44835,0a71c2fdb0d3d41be261c9aecc86b87487990dbc3bfd4e6b34e79b7fbd75ab49,64bb8f6c66e70de2c9a53960cbd693447ecebaa43a258f21439bd2827e4b0f66
holdout,holdout-random-seed262147,search,random,262147,,1,0,16,O1,45.119671,45.589573414999904,ok,True,0,"45.119671
checksum=17180040496.458935
",,"[""/home/addaswsw/lab/Software_system_optimization/P1/.cache/build/bc6eecb4e779f6603c2c774a385b0285b0c82453db90246611833e759e3ec170"", ""16""]",bc6eecb4e779f6603c2c774a385b0285b0c82453db90246611833e759e3ec170,cece4fd572c1d25e9f9a7d045c21e8d77b25079a6f71513de0385d0d85d44835,0a71c2fdb0d3d41be261c9aecc86b87487990dbc3bfd4e6b34e79b7fbd75ab49,64bb8f6c66e70de2c9a53960cbd693447ecebaa43a258f21439bd2827e4b0f66
holdout,holdout-random-seed262147,search,random,262147,,2,0,8,O2,77.37233,77.83351574699918,ok,True,0,"77.372330
checksum=17180040496.458935
",,"[""/home/addaswsw/lab/Software_system_optimization/P1/.cache/build/6fa77b7534d39847122ae17cc2c35b7062c5b407b3fe1908eff84b871eee0a1a"", ""8""]",6fa77b7534d39847122ae17cc2c35b7062c5b407b3fe1908eff84b871eee0a1a,cece4fd572c1d25e9f9a7d045c21e8d77b25079a6f71513de0385d0d85d44835,0a71c2fdb0d3d41be261c9aecc86b87487990dbc3bfd4e6b34e79b7fbd75ab49,64bb8f6c66e70de2c9a53960cbd693447ecebaa43a258f21439bd2827e4b0f66
holdout,holdout-random-seed262147,search,random,262147,,3,0,128,O3,48.406605,48.865274613999645,ok,True,0,"48.406605
checksum=17180040496.458935
",,"[""/home/addaswsw/lab/Software_system_optimization/P1/.cache/build/4478878b0cef571f777d11b103f13023852c36d59675675f07c7ad8519fb292d"", ""128""]",4478878b0cef571f777d11b103f13023852c36d59675675f07c7ad8519fb292d,cece4fd572c1d25e9f9a7d045c21e8d77b25079a6f71513de0385d0d85d44835,0a71c2fdb0d3d41be261c9aecc86b87487990dbc3bfd4e6b34e79b7fbd75ab49,64bb8f6c66e70de2c9a53960cbd693447ecebaa43a258f21439bd2827e4b0f66
holdout,holdout-random-seed262147,search,random,262147,,4,0,24,O0,206.946686,207.45376721499997,ok,True,0,"206.946686
checksum=17180040496.458935
",,"[""/home/addaswsw/lab/Software_system_optimization/P1/.cache/build/9609c1e68ed382d9013072618327a16f97967408b4373f587754ab2258da0725"", ""24""]",9609c1e68ed382d9013072618327a16f97967408b4373f587754ab2258da0725,cece4fd572c1d25e9f9a7d045c21e8d77b25079a6f71513de0385d0d85d44835,0a71c2fdb0d3d41be261c9aecc86b87487990dbc3bfd4e6b34e79b7fbd75ab49,64bb8f6c66e70de2c9a53960cbd693447ecebaa43a258f21439bd2827e4b0f66
holdout,holdout-random-seed262147,search,random,262147,,5,0,8,O3,81.506134,82.05810091300009,ok,True,0,"81.506134
checksum=17180040496.458935
",,"[""/home/addaswsw/lab/Software_system_optimization/P1/.cache/build/4478878b0cef571f777d11b103f13023852c36d59675675f07c7ad8519fb292d"", ""8""]",4478878b0cef571f777d11b103f13023852c36d59675675f07c7ad8519fb292d,cece4fd572c1d25e9f9a7d045c21e8d77b25079a6f71513de0385d0d85d44835,0a71c2fdb0d3d41be261c9aecc86b87487990dbc3bfd4e6b34e79b7fbd75ab49,64bb8f6c66e70de2c9a53960cbd693447ecebaa43a258f21439bd2827e4b0f66
holdout,holdout-random-seed262147,search,random,262147,,6,0,8,O0,309.922455,310.45222145599837,ok,True,0,"309.922455
checksum=17180040496.458935
",,"[""/home/addaswsw/lab/Software_system_optimization/P1/.cache/build/9609c1e68ed382d9013072618327a16f97967408b4373f587754ab2258da0725"", ""8""]",9609c1e68ed382d9013072618327a16f97967408b4373f587754ab2258da0725,cece4fd572c1d25e9f9a7d045c21e8d77b25079a6f71513de0385d0d85d44835,0a71c2fdb0d3d41be261c9aecc86b87487990dbc3bfd4e6b34e79b7fbd75ab49,64bb8f6c66e70de2c9a53960cbd693447ecebaa43a258f21439bd2827e4b0f66
holdout,holdout-random-seed262147,search,random,262147,,7,0,24,O2,43.563232,44.02901989300153,ok,True,0,"43.563232
checksum=17180040496.458935
",,"[""/home/addaswsw/lab/Software_system_optimization/P1/.cache/build/6fa77b7534d39847122ae17cc2c35b7062c5b407b3fe1908eff84b871eee0a1a"", ""24""]",6fa77b7534d39847122ae17cc2c35b7062c5b407b3fe1908eff84b871eee0a1a,cece4fd572c1d25e9f9a7d045c21e8d77b25079a6f71513de0385d0d85d44835,0a71c2fdb0d3d41be261c9aecc86b87487990dbc3bfd4e6b34e79b7fbd75ab49,64bb8f6c66e70de2c9a53960cbd693447ecebaa43a258f21439bd2827e4b0f66
holdout,confirm-holdout-random-seed262147,return_confirmation,return_confirmation,262147,,0,0,16,O3,44.296986,44.7912736090002,ok,True,0,"44.296986
checksum=17180040496.458935
",,"[""/home/addaswsw/lab/Software_system_optimization/P1/.cache/build/4478878b0cef571f777d11b103f13023852c36d59675675f07c7ad8519fb292d"", ""16""]",4478878b0cef571f777d11b103f13023852c36d59675675f07c7ad8519fb292d,cece4fd572c1d25e9f9a7d045c21e8d77b25079a6f71513de0385d0d85d44835,0a71c2fdb0d3d41be261c9aecc86b87487990dbc3bfd4e6b34e79b7fbd75ab49,64bb8f6c66e70de2c9a53960cbd693447ecebaa43a258f21439bd2827e4b0f66
holdout,confirm-holdout-random-seed262147,return_confirmation,return_confirmation,262147,,0,1,16,O3,44.32151,44.804905347002205,ok,True,0,"44.321510
checksum=17180040496.458935
",,"[""/home/addaswsw/lab/Software_system_optimization/P1/.cache/build/4478878b0cef571f777d11b103f13023852c36d59675675f07c7ad8519fb292d"", ""16""]",4478878b0cef571f777d11b103f13023852c36d59675675f07c7ad8519fb292d,cece4fd572c1d25e9f9a7d045c21e8d77b25079a6f71513de0385d0d85d44835,0a71c2fdb0d3d41be261c9aecc86b87487990dbc3bfd4e6b34e79b7fbd75ab49,64bb8f6c66e70de2c9a53960cbd693447ecebaa43a258f21439bd2827e4b0f66
holdout,confirm-holdout-random-seed262147,return_confirmation,return_confirmation,262147,,0,2,16,O3,43.848125,44.30955950600037,ok,True,0,"43.848125
checksum=17180040496.458935
",,"[""/home/addaswsw/lab/Software_system_optimization/P1/.cache/build/4478878b0cef571f777d11b103f13023852c36d59675675f07c7ad8519fb292d"", ""16""]",4478878b0cef571f777d11b103f13023852c36d59675675f07c7ad8519fb292d,cece4fd572c1d25e9f9a7d045c21e8d77b25079a6f71513de0385d0d85d44835,0a71c2fdb0d3d41be261c9aecc86b87487990dbc3bfd4e6b34e79b7fbd75ab49,64bb8f6c66e70de2c9a53960cbd693447ecebaa43a258f21439bd2827e4b0f66
